Trafico_Real,Trafico_Predicho,Error
2704.0,2453.645,250.35498046875
2704.0,2477.9128,226.087158203125
2204.0,2453.2385,-249.238525390625
2204.0,1994.6631,209.3369140625
1713.0,1965.5873,-252.5872802734375
1713.0,1668.5385,44.4615478515625
1068.0,1512.0084,-444.0084228515625
611.0,1024.4478,-413.44775390625
362.0,454.02878,-92.02877807617188
254.0,197.21811,56.781890869140625
254.0,178.94783,75.05216979980469
383.0,480.68655,-97.68655395507812
383.0,911.03156,-528.0315551757812
820.0,817.08563,2.91436767578125
820.0,1260.5925,-440.592529296875
2914.0,1487.5901,1426.409912109375
2914.0,4141.376,-1227.3759765625
5674.0,5020.8604,653.1396484375
5674.0,5879.881,-205.880859375
6258.0,5879.908,378.091796875
6258.0,6132.5073,125.49267578125
5995.0,5950.1606,44.83935546875
5995.0,5618.902,376.09814453125
5488.0,5542.856,-54.85595703125
4606.0,5230.215,-624.21484375
4910.0,4738.1753,171.82470703125
5066.0,4981.1313,84.86865234375
5255.0,5059.5693,195.4306640625
5428.0,5571.7563,-143.75634765625
5987.0,5788.225,198.77490234375
6775.0,6388.013,386.98681640625
6488.0,6317.431,170.56884765625
5048.0,5024.3813,23.61865234375
3335.0,3761.5598,-426.559814453125
2846.0,2987.9878,-141.98779296875
3094.0,2724.9448,369.05517578125
2412.0,2487.8748,-75.874755859375
1336.0,1910.6211,-574.62109375
768.0,999.8206,-231.82061767578125
432.0,522.9529,-90.952880859375
354.0,330.00748,23.992523193359375
444.0,413.70117,30.298828125
842.0,1029.259,-187.259033203125
2715.0,2721.828,-6.827880859375
5524.0,5667.612,-143.61181640625
6594.0,6459.971,134.02880859375
5784.0,6107.602,-323.60205078125
5086.0,5147.847,-61.84716796875
4663.0,4829.3193,-166.3193359375
4977.0,5021.895,-44.89501953125
5403.0,5249.5156,153.484375
5484.0,5467.509,16.4912109375
5564.0,5743.265,-179.26513671875
5860.0,5951.4683,-91.46826171875
5086.0,6357.044,-1271.0439453125
5086.0,4861.562,224.43798828125
5086.0,4471.3135,614.6865234375
5406.0,4551.8794,854.12060546875
5406.0,5124.6553,281.3447265625
5406.0,5502.1616,-96.16162109375
4317.0,5578.3564,-1261.3564453125
4317.0,3897.99,419.010009765625
4317.0,3854.4182,462.581787109375
3437.0,3822.4172,-385.417236328125
3437.0,3411.932,25.068115234375
2827.0,3402.5137,-575.513671875
2827.0,2940.2478,-113.247802734375
2656.0,2743.4211,-87.421142578125
2613.0,2600.796,12.2041015625
1676.0,2370.7732,-694.773193359375
1031.0,1409.4691,-378.4691162109375
658.0,674.2199,-16.21990966796875
470.00000000000006,464.67874,5.321258544921932
352.0,396.2843,-44.2843017578125
371.0,343.0212,27.978790283203125
680.0,539.3446,140.6553955078125
680.0,1274.6581,-594.6580810546875
1243.0,1314.9208,-71.9207763671875
1957.0,1694.2982,262.7017822265625
2790.0,2682.2942,107.705810546875
2790.0,3530.2578,-740.2578125
3489.0,3670.936,-181.93603515625
3489.0,3760.7688,-271.768798828125
3978.9999999999995,3733.0754,245.92456054687455
3978.9999999999995,4089.6897,-110.68969726562545
4563.0,4075.681,487.319091796875
4837.0,4554.757,282.2431640625
4837.0,4784.9385,52.0615234375
4836.0,4805.453,30.546875
4764.0,4745.5146,18.4853515625
4890.0,4649.689,240.31103515625
4894.0,4757.084,136.916015625
4794.0,4756.906,37.09423828125
4794.0,4659.1274,134.87255859375
4411.0,4700.25,-289.25
4411.0,4323.873,87.126953125
4411.0,4236.739,174.26123046875
3421.0,4168.559,-747.55908203125
3421.0,3298.793,122.20703125
2718.0,3315.0767,-597.07666015625
2718.0,2588.8848,129.115234375
3515.0,2467.7134,1047.28662109375
3515.0,2796.4724,718.527587890625
3865.0,2615.171,1249.8291015625
3865.0,3397.8162,467.183837890625
3865.0,3599.5112,265.48876953125
2042.0,3797.81,-1755.81005859375
2042.0,1703.3633,338.63671875
1554.0,1655.5543,-101.5543212890625
1554.0,1308.4934,245.506591796875
1554.0,1143.4257,410.5743408203125
629.0,1092.4589,-463.4588623046875
629.0,698.2594,-69.2593994140625
629.0,465.63684,163.3631591796875
629.0,475.5414,153.45858764648438
629.0,506.25125,122.74874877929688
361.0,602.95044,-241.950439453125
361.0,360.442,0.558013916015625
361.0,447.0942,-86.09420776367188
246.99999999999997,464.617,-217.61700439453128
246.99999999999997,277.41592,-30.415924072265653
287.0,383.41516,-96.4151611328125
287.0,467.51508,-180.51507568359375
287.0,546.9055,-259.905517578125
468.99999999999994,458.03088,10.969116210937443
468.99999999999994,547.82886,-78.82885742187506
468.99999999999994,881.6027,-412.6027221679688
823.0,1072.3945,-249.39453125
823.0,760.1406,62.859375
1209.0,1161.6929,47.30712890625
2059.0,1535.6064,523.3935546875
2974.0,2097.263,876.737060546875
3592.0,3248.1555,343.844482421875
4014.0000000000005,4228.524,-214.52392578124955
4256.0,4556.059,-300.05908203125
4309.0,4532.3115,-223.3115234375
4303.0,4456.922,-153.921875
4525.0,4378.5366,146.46337890625
4744.0,4545.1357,198.8642578125
4235.0,4696.245,-461.2451171875
3765.0000000000005,4180.033,-415.03320312499955
2888.0,3425.6196,-537.61962890625
2273.0,2247.8945,25.10546875
1912.0,1630.2076,281.7923583984375
1323.0,1285.5448,37.4552001953125
861.0,703.59875,157.4012451171875
468.99999999999994,445.11334,23.886657714843693
330.0,302.64575,27.354248046875
186.0,271.5794,-85.57940673828125
333.0,225.33414,107.66586303710938
809.0,1177.3263,-368.3262939453125
2853.0,2522.9094,330.090576171875
5836.0,5738.772,97.22802734375
6268.0,6342.1333,-74.13330078125
5990.0,5617.597,372.40283203125
4992.0,5019.1353,-27.13525390625
4298.0,4404.2637,-106.263671875
4488.0,4492.068,-4.06787109375
4677.0,4776.7925,-99.79248046875
4746.0,4797.9917,-51.99169921875
4987.0,5035.12,-48.1201171875
5657.0,5423.685,233.31494140625
6647.0,6230.16,416.83984375
6175.0,5986.343,188.6572265625
4152.0,4411.809,-259.80908203125
2919.0,3148.0508,-229.05078125
2263.0,2632.134,-369.134033203125
2009.0000000000002,2150.851,-141.85107421874977
1451.0,1722.429,-271.428955078125
961.0,1037.6278,-76.6278076171875
560.0,562.112,-2.11199951171875
339.0,374.43234,-35.432342529296875
244.0,189.02914,54.970855712890625
377.0,255.95068,121.04931640625
899.0,981.9844,-82.984375
3031.0,3296.9197,-265.919677734375
6100.0,6024.337,75.6630859375
6538.0,6480.0977,57.90234375
6091.0,5962.398,128.60205078125
5319.0,5144.372,174.6279296875
4518.0,4719.8745,-201.87451171875
4701.0,4767.2686,-66.2685546875
4866.0,4975.719,-109.71923828125
5101.0,4952.9175,148.08251953125
5273.0,5382.559,-109.55908203125
5747.0,5880.7104,-133.71044921875
6705.0,6467.1333,237.86669921875
6198.0,6335.3267,-137.32666015625
4421.0,4556.9717,-135.9716796875
3073.0,3371.7812,-298.78125
2581.0,2779.3347,-198.334716796875
2265.0,2453.4912,-188.4912109375
1631.0,1847.5402,-216.5401611328125
1073.0,1216.8187,-143.8187255859375
548.0,659.74835,-111.74835205078125
329.0,398.8808,-69.88079833984375
373.0,155.35876,217.6412353515625
898.0,686.03815,211.96185302734375
2985.0,2966.37,18.6298828125
6126.0,5719.473,406.52685546875
6513.0,6452.3784,60.62158203125
5926.0,5918.1597,7.84033203125
5670.0,5223.468,446.5322265625
4195.0,5027.6343,-832.63427734375
4553.0,4448.726,104.27392578125
4585.0,4762.182,-177.18212890625
4833.0,4544.8955,288.1044921875
5049.0,5095.7,-46.7001953125
5651.0,5437.325,213.6748046875
6832.0,6334.5737,497.42626953125
6090.0,5961.659,128.3408203125
4650.0,4190.7705,459.2294921875
3292.0,3497.9636,-205.963623046875
2885.0,2948.7908,-63.790771484375
2445.0,2715.0237,-270.023681640625
1728.0,2046.8622,-318.8621826171875
1094.0,1384.67,-290.6700439453125
614.0,711.53143,-97.53143310546875
348.0,422.72717,-74.7271728515625
361.0,130.00932,230.9906768798828
877.0,560.9366,316.06341552734375
2966.0,2889.4111,76.5888671875
5970.0,5717.4575,252.54248046875
6530.0,6381.4395,148.560546875
5542.0,5956.092,-414.091796875
5710.0,5092.305,617.69482421875
4726.0,5145.678,-419.67822265625
5025.0,4939.3906,85.609375
5151.0,5328.3496,-177.349609375
5340.0,5293.707,46.29296875
5261.0,5720.8677,-459.86767578125
5794.0,5698.4507,95.54931640625
6654.0,6364.007,289.9931640625
6210.0,6245.9194,-35.91943359375
4758.0,4724.162,33.837890625
3466.0,3692.455,-226.455078125
3112.0,3111.104,0.89599609375
2703.0,2972.0994,-269.099365234375
2838.0,2176.3484,661.651611328125
1471.0,1961.0853,-490.0853271484375
812.0,889.7454,-77.74542236328125
418.0,560.3703,-142.37030029296875
311.0,206.22188,104.77812194824219
419.0,292.70483,126.295166015625
776.0,990.79144,-214.79144287109375
2725.0,2554.687,170.31298828125
5554.0,5746.8867,-192.88671875
6494.0,6482.2236,11.7763671875
5593.0,6007.8096,-414.8095703125
5039.0,5068.811,-29.81103515625
4584.0,4866.4473,-282.447265625
4964.0,5001.347,-37.34716796875
5106.0,5237.3433,-131.34326171875
5445.0,5270.5913,174.40869140625
5311.0,5746.6904,-435.6904296875
5667.0,5694.7397,-27.73974609375
6057.0,6196.0073,-139.00732421875
5412.0,6210.004,-798.00390625
4707.0,4629.316,77.68408203125
3505.0,3790.3213,-285.3212890625
3025.0,3119.5706,-94.570556640625
2836.0,3008.4143,-172.414306640625
2467.0,2491.5535,-24.553466796875
1739.0,1974.4432,-235.4432373046875
1009.0,1259.8009,-250.8009033203125
1009.0,649.09955,359.90045166015625
649.0,675.69055,-26.6905517578125
649.0,521.4542,127.5457763671875
541.0,593.70996,-52.7099609375
555.0,587.4754,-32.47540283203125
1057.0,680.03033,376.96966552734375
1584.0,1265.2568,318.7431640625
2323.0,2102.5051,220.494873046875
3446.0,3091.006,354.993896484375
4305.0,3962.712,342.2880859375
4690.0,4639.727,50.27294921875
4714.0,4933.922,-219.921875
4882.0,4805.5146,76.4853515625
4770.0,4908.407,-138.4072265625
4858.0,4793.972,64.02783203125
4495.0,4791.8877,-296.8876953125
4766.0,4432.848,333.15185546875
4544.0,4551.1494,-7.1494140625
4236.0,4289.419,-53.4189453125
3435.0,3875.6677,-440.667724609375
2694.0,3295.0183,-601.018310546875
2696.0,2708.9583,-12.958251953125
2869.0,2607.4314,261.568603515625
2231.0,2161.216,69.783935546875
1259.0,1486.2053,-227.205322265625
704.0,813.97437,-109.974365234375
724.0,436.90707,287.0929260253906
724.0,460.48386,263.5161437988281
496.99999999999994,639.30774,-142.30773925781256
504.0,539.35535,-35.3553466796875
609.0,648.5587,-39.5587158203125
962.0,759.5425,202.45751953125
1260.0,1111.1523,148.84765625
2133.0,1727.883,405.116943359375
2910.0,2760.5984,149.401611328125
2910.0,3528.2717,-618.271728515625
3540.0,3494.7495,45.25048828125
3858.0,3796.4248,61.5751953125
4055.0,4064.9053,-9.9052734375
4114.0,4214.778,-100.77783203125
4163.0,4210.423,-47.4228515625
4490.0,4194.1567,295.84326171875
4746.0,4447.5693,298.4306640625
4877.0,4660.0303,216.9697265625
5355.0,4786.2505,568.74951171875
3170.0,5165.0146,-1995.0146484375
2463.0,3042.6008,-579.600830078125
1919.0,2183.475,-264.47509765625
1342.0,1727.0127,-385.0126953125
928.9999999999999,914.2018,14.798217773437386
461.0,746.6221,-285.6220703125
302.0,114.27971,187.7202911376953
207.0,395.97922,-188.97921752929688
207.0,289.07263,-82.0726318359375
338.0,622.80334,-284.8033447265625
819.0,1027.1715,-208.1715087890625
2844.0,2638.314,205.68603515625
5660.0,5559.4536,100.54638671875
6505.0,6147.6743,357.32568359375
6117.0,5837.6997,279.30029296875
5190.0,5144.9854,45.0146484375
4456.0,4543.5083,-87.50830078125
4456.0,4549.1235,-93.12353515625
4595.0,4781.993,-186.9931640625
4829.0,4758.9062,70.09375
4779.0,5148.93,-369.93017578125
5048.0,5372.959,-324.958984375
5629.0,5680.68,-51.68017578125
6604.0,6156.368,447.6318359375
5936.0,5872.006,63.994140625
4184.0,4343.582,-159.58203125
3008.0,3208.7573,-200.75732421875
2537.0,2768.853,-231.85302734375
2048.0,2370.8408,-322.8408203125
2048.0,1711.4519,336.548095703125
1498.0,1525.4843,-27.4842529296875
1498.0,859.0511,638.9489135742188
980.0,951.14056,28.85943603515625
980.0,834.1874,145.8126220703125
483.0,714.22046,-231.220458984375
483.0,447.7418,35.258209228515625
321.0,516.6642,-195.6641845703125
321.0,413.38928,-92.3892822265625
216.0,566.89886,-350.89886474609375
216.0,272.31897,-56.3189697265625
346.0,380.89713,-34.897125244140625
871.0,602.91296,268.0870361328125
3005.0,2109.0588,895.941162109375
5631.0,5783.688,-152.68798828125
6212.0,6073.6265,138.37353515625
5841.0,5618.9473,222.052734375
5841.0,5222.426,618.57421875
5531.0,5367.424,163.576171875
5531.0,5194.053,336.94677734375
5531.0,5300.54,230.4599609375
4398.0,5472.4326,-1074.4326171875
4398.0,4542.7324,-144.732421875
4690.0,4331.361,358.63916015625
4910.0,4747.175,162.8251953125
4910.0,5150.631,-240.630859375
4952.0,5240.915,-288.9150390625
5129.0,5345.1045,-216.1044921875
5730.0,5446.273,283.72705078125
5730.0,6075.3794,-345.37939453125
6717.0,5635.7695,1081.23046875
6717.0,6580.9473,136.052734375
6091.0,5499.0273,591.97265625
6091.0,4916.879,1174.12109375
6091.0,5094.627,996.373046875
4371.0,5250.3013,-879.30126953125
3202.0,4242.81,-1040.81005859375
3202.0,3171.1748,30.8251953125
2778.0,3121.6348,-343.634765625
2778.0,2284.6343,493.36572265625
2778.0,2485.318,292.681884765625
3721.9999999999995,2497.607,1224.3930664062495
3721.9999999999995,3140.5117,581.4882812499995
3721.9999999999995,3368.0244,353.97558593749955
2381.0,3717.0112,-1336.01123046875
2381.0,2000.3312,380.6688232421875
2381.0,2086.2556,294.744384765625
1462.0,2122.4675,-660.467529296875
1462.0,1442.2777,19.7222900390625
1462.0,1187.5776,274.42236328125
1462.0,1286.8158,175.1842041015625
608.0,1298.2834,-690.283447265625
608.0,608.3558,-0.35577392578125
608.0,371.4898,236.51019287109375
608.0,480.41122,127.58877563476562
318.0,662.9211,-344.92108154296875
318.0,308.11697,9.883026123046875
318.0,494.4257,-176.42568969726562
318.0,496.38116,-178.38116455078125
354.0,392.62735,-38.627349853515625
354.0,491.16348,-137.16348266601562
354.0,655.88654,-301.88653564453125
911.0,793.5294,117.4705810546875
911.0,866.0071,44.992919921875
911.0,1903.3864,-992.3863525390625
3011.0,2404.3687,606.63134765625
6015.0,3549.0115,2465.988525390625
6580.0,5908.7617,671.23828125
6104.0,6578.7285,-474.728515625
5379.0,5682.7974,-303.79736328125
4687.0,5222.182,-535.18212890625
4924.0,4840.631,83.369140625
5043.0,5181.0386,-138.03857421875
4945.0,5275.5913,-330.59130859375
5221.0,5337.3623,-116.3623046875
5919.0,5665.632,253.3681640625
6923.0,6231.8447,691.1552734375
6325.0,6048.636,276.36376953125
4660.0,4459.2334,200.7666015625
3216.0,3478.3572,-262.357177734375
2914.0,2923.8481,-9.84814453125
2461.0,2773.0247,-312.024658203125
1957.0,1969.7418,-12.7418212890625
1400.0,1476.7538,-76.7537841796875
604.0,838.14844,-234.1484375
359.0,498.5581,-139.55810546875
264.0,130.65771,133.34228515625
375.0,348.31247,26.687530517578125
916.0,989.34607,-73.3460693359375
2967.0,3234.0505,-267.050537109375
5942.0,5996.6245,-54.62451171875
6685.0,6570.314,114.68603515625
6029.0,6065.336,-36.3359375
5507.0,5130.4736,376.5263671875
4678.0,4901.2266,-223.2265625
4943.0,4909.6704,33.32958984375
4977.0,5192.31,-215.31005859375
5182.0,5057.696,124.30419921875
5315.0,5419.5,-104.5
6079.0,5822.2803,256.7197265625
6658.0,6623.44,34.56005859375
6125.0,6249.5083,-124.50830078125
4724.0,4613.0273,110.97265625
3538.0,3617.8994,-79.8994140625
3132.0,3154.523,-22.52294921875
3069.0,2957.9404,111.0595703125
3643.0,2522.4827,1120.517333984375
2158.0,2062.7717,95.228271484375
760.0,1480.3309,-720.3309326171875
468.99999999999994,532.7498,-63.74981689453131
316.0,325.5711,-9.57110595703125
405.0,274.11475,130.88525390625
851.0,1125.4418,-274.4417724609375
2809.0,2937.9775,-128.9775390625
5672.0,5739.2305,-67.23046875
5849.0,6498.079,-649.0791015625
5344.0,5514.16,-170.16015625
5344.0,5001.9385,342.0615234375
5344.0,5201.282,142.7177734375
5132.0,5476.462,-344.4619140625
5132.0,5362.524,-230.52392578125
5132.0,5325.4473,-193.447265625
4706.0,5345.3296,-639.32958984375
4706.0,5000.1323,-294.13232421875
4706.0,4851.7266,-145.7265625
5128.0,4997.756,130.244140625
5128.0,5471.66,-343.66015625
5128.0,5433.887,-305.88720703125
5308.0,5280.363,27.63720703125
5308.0,5511.76,-203.759765625
5308.0,5459.663,-151.6630859375
5308.0,5434.9453,-126.9453125
5105.0,5384.2476,-279.24755859375
5105.0,5076.821,28.17919921875
5105.0,5070.9966,34.00341796875
5488.0,5188.175,299.8251953125
5488.0,5661.4414,-173.44140625
5488.0,5780.682,-292.68212890625
5488.0,5787.5693,-299.5693359375
5906.0,5694.9653,211.03466796875
5906.0,5943.829,-37.8291015625
5906.0,5904.7783,1.2216796875
6629.0,5815.9697,813.0302734375
6629.0,6109.665,519.3349609375
6629.0,5966.113,662.88720703125
5965.0,5974.589,-9.5888671875
5965.0,5445.3296,519.67041015625
5100.0,5326.968,-226.9677734375
5100.0,4735.0312,364.96875
3774.0000000000005,4532.588,-758.5878906249995
3077.0,3936.8755,-859.87548828125
3030.0,3235.1719,-205.171875
2630.0,2776.068,-146.068115234375
2630.0,2230.1155,399.884521484375
2657.0,2415.6995,241.300537109375
1222.0,2438.811,-1216.81103515625
1222.0,863.77985,358.22015380859375
1222.0,834.76056,387.23944091796875
709.0,954.3715,-245.37152099609375
709.0,811.1047,-102.10467529296875
495.99999999999994,598.29456,-102.29455566406256
433.0,461.33905,-28.33905029296875
392.0,378.86374,13.136260986328125
801.0,356.9397,444.060302734375
1385.0,1080.4492,304.55078125
2115.0,2053.735,61.264892578125
3136.0,3075.7485,60.25146484375
3676.0,3752.7837,-76.78369140625
4034.0,4101.669,-67.6689453125
4517.0,4283.8457,233.154296875
4590.0,4669.196,-79.19580078125
4876.0,4671.3623,204.6376953125
4729.0,4815.432,-86.43212890625
4754.0,4640.2207,113.779296875
4939.0,4633.7373,305.2626953125
4852.0,4795.1816,56.818359375
4556.0,4679.3164,-123.31640625
3732.9999999999995,4242.518,-509.51806640625045
3181.0,3394.6204,-213.620361328125
3011.0,3157.7346,-146.734619140625
3358.0,3060.7388,297.26123046875
3347.0,2805.9636,541.036376953125
1529.0,2114.5574,-585.557373046875
996.0000000000001,750.96356,245.03643798828136
726.0,521.97656,204.0234375
439.0,438.06665,0.933349609375
407.0,323.35123,83.64877319335938
738.0,555.30164,182.6983642578125
1138.0,1196.782,-58.781982421875
1498.0,1604.1841,-106.18408203125
2214.0,2253.2551,-39.255126953125
3432.0,2864.3916,567.6083984375
4460.0,3944.0203,515.979736328125
4195.0,4669.466,-474.4658203125
4185.0,4533.783,-348.783203125
4115.0,4238.238,-123.23779296875
4121.0,4198.8164,-77.81640625
4329.0,4196.72,132.27978515625
4555.0,4334.1855,220.814453125
4505.0,4451.7153,53.28466796875
3560.0,4358.7075,-798.70751953125
2989.0,3244.7554,-255.75537109375
2477.0,2471.066,5.93408203125
1898.0000000000002,2257.2725,-359.2724609374998
1413.0,1564.8412,-151.8411865234375
990.9999999999999,925.35693,65.64306640624989
484.0,554.7956,-70.79559326171875
331.0,354.75974,-23.759735107421875
239.0,227.13284,11.867156982421875
373.0,330.4494,42.55059814453125
848.0,1236.2683,-388.268310546875
2851.0,2526.8054,324.194580078125
5208.0,5598.631,-390.630859375
6600.0,5728.832,871.16796875
5918.0,6006.775,-88.77490234375
5020.0,4970.574,49.42578125
4583.0,4443.229,139.77099609375
4556.0,4613.788,-57.7880859375
4812.0,4861.9688,-49.96875
4866.0,4963.7476,-97.74755859375
5095.0,5126.146,-31.14599609375
5769.0,5530.4995,238.50048828125
6629.0,6259.375,369.625
6013.0,6052.5635,-39.5634765625
4162.0,4310.1274,-148.12744140625
3029.0,3216.8042,-187.80419921875
2612.0,2755.096,-143.095947265625
2595.0,2394.9143,200.085693359375
3268.0,2119.159,1148.841064453125
1174.0,1614.9822,-440.982177734375
560.0,733.6218,-173.621826171875
373.0,409.8032,-36.803192138671875
246.99999999999997,291.00912,-44.0091247558594
381.0,394.66895,-13.6689453125
867.0,988.94525,-121.94525146484375
2906.0,2999.2312,-93.231201171875
5793.0,5847.2095,-54.20947265625
6796.0,6508.206,287.7939453125
5932.0,6129.5967,-197.5966796875
5354.0,5121.3433,232.65673828125
4682.0,4781.3115,-99.3115234375
4877.0,4906.937,-29.93701171875
5069.0,5185.515,-116.51513671875
5268.0,5186.6143,81.3857421875
5314.0,5513.2363,-199.236328125
5823.0,5800.127,22.873046875
6669.0,6410.1714,258.82861328125
6379.0,6322.803,56.19677734375
4670.0,4877.1274,-207.12744140625
3208.0,3534.1204,-326.120361328125
2807.0,2878.3508,-71.350830078125
2583.0,2683.5386,-100.53857421875
1848.0,2116.7288,-268.728759765625
1111.0,1387.5916,-276.591552734375
633.0,701.5187,-68.5186767578125
422.0,433.16345,-11.1634521484375
320.0,265.28293,54.717071533203125
380.0,370.5694,9.43060302734375
861.0,818.4301,42.56988525390625
2761.0,2945.6548,-184.65478515625
5385.0,5848.6973,-463.697265625
5983.0,6419.8755,-436.87548828125
5411.0,5683.63,-272.6298828125
5036.0,4906.3647,129.63525390625
4830.0,4825.3076,4.6923828125
5165.0,5092.4077,72.59228515625
5484.0,5361.7812,122.21875
5650.0,5563.8975,86.1025390625
5916.0,5780.563,135.43701171875
5793.0,6179.38,-386.3798828125
6032.0,5894.86,137.14013671875
5177.0,5895.5215,-718.521484375
4347.0,4514.6187,-167.61865234375
3179.0,3656.1858,-477.185791015625
2860.0,3056.0227,-196.022705078125
2638.0,2872.1028,-234.102783203125
2077.0,2279.3955,-202.3955078125
1474.0,1616.9233,-142.92333984375
1324.0,994.38434,329.61566162109375
601.0,899.53625,-298.5362548828125
416.0,548.64526,-132.645263671875
320.0,271.8336,48.166412353515625
266.0,418.79404,-152.79403686523438
423.0,626.80676,-203.8067626953125
834.0,819.68414,14.31585693359375
990.9999999999999,1168.6099,-177.6098632812501
1267.0,1853.0444,-586.04443359375
2227.0,2360.638,-133.637939453125
2817.0,2690.4597,126.540283203125
3347.0,3570.4424,-223.4423828125
3169.0,3820.1343,-651.13427734375
3049.0,3654.8044,-605.804443359375
2935.0,3294.8945,-359.89453125
3278.0,3083.783,194.217041015625
3212.0,3342.9062,-130.90625
3340.0,3140.836,199.1640625
3267.0,3282.3694,-15.369384765625
3194.0,3184.1804,9.819580078125
2989.0,3070.531,-81.531005859375
2730.0,2755.2595,-25.259521484375
1962.0,2458.6128,-496.61279296875
1313.0,1608.8152,-295.815185546875
770.0,855.6575,-85.657470703125
466.99999999999994,432.07657,34.92343139648432
271.0,352.88742,-81.88742065429688
257.0,294.90182,-37.901824951171875
403.0,524.76526,-121.7652587890625
1045.0,983.1675,61.83251953125
2101.0,2434.7354,-333.7353515625
2419.0,3502.9175,-1083.91748046875
2480.0,3343.1575,-863.157470703125
2909.0,3096.5784,-187.578369140625
3405.0,3258.4724,146.527587890625
4017.0000000000005,3653.9307,363.06933593750045
4321.0,4267.43,53.56982421875
4334.0,4648.626,-314.6259765625
4749.0,4541.565,207.43505859375
4696.0,4835.0947,-139.0947265625
4696.0,4596.8105,99.189453125
4482.0,4567.9634,-85.96337890625
4482.0,4210.693,271.30712890625
4858.0,4146.042,711.9580078125
5325.0,4493.8174,831.1826171875
3279.0,5008.2803,-1729.2802734375
2844.0,3301.8782,-457.878173828125
2802.0,2685.414,116.5859375
2297.0,2769.5806,-472.58056640625
1642.0,1869.1846,-227.1845703125
1079.0,1160.0592,-81.0592041015625
655.0,648.3089,6.69110107421875
516.0,452.26538,63.734619140625
372.0,386.93607,-14.936065673828125
323.0,330.87622,-7.876220703125
595.0,522.3423,72.65771484375
1010.0,1316.0826,-306.0826416015625
1539.0,1593.286,-54.2860107421875
2133.0,2385.4878,-252.48779296875
3054.0,3009.5051,44.494873046875
3914.0,3572.7625,341.237548828125
4734.0,4160.6675,573.33251953125
5167.0,4901.953,265.046875
4952.0,5242.0454,-290.04541015625
4461.0,4917.5903,-456.59033203125
4348.0,4383.307,-35.30712890625
4380.0,4393.056,-13.05615234375
4490.0,4381.158,108.841796875
4046.0,4361.05,-315.0498046875
3463.0,3804.9553,-341.955322265625
3005.0,3180.0945,-175.094482421875
2800.0,2920.356,-120.35595703125
2673.0,2621.1055,51.89453125
2584.0,2153.095,430.905029296875
1386.0,1844.4672,-458.4671630859375
937.9999999999999,924.6776,13.322387695312386
701.0,545.63885,155.36114501953125
513.0,474.17163,38.828369140625
454.0,404.21234,49.78765869140625
602.0,479.20258,122.79742431640625
965.0,731.5219,233.47808837890625
1240.0,1229.9377,10.062255859375
1769.0,1851.0974,-82.097412109375
2404.0,2415.6548,-11.65478515625
3280.0,3020.082,259.91796875
3886.0,3718.1367,167.86328125
4299.0,4185.834,113.166015625
4860.0,4495.05,364.9501953125
4871.0,4924.631,-53.630859375
4994.0,4885.6997,108.30029296875
4933.0,4930.3213,2.6787109375
4794.0,4836.4907,-42.49072265625
4392.0,4654.376,-262.3759765625
3341.0,4172.539,-831.5390625
2839.0,3171.4216,-332.421630859375
2550.0,2660.933,-110.93310546875
1640.0,2447.8281,-807.828125
1009.0,1060.8789,-51.87890625
539.0,572.70844,-33.70843505859375
317.0,294.9565,22.043487548828125
213.0,283.4929,-70.49288940429688
328.0,384.43817,-56.43817138671875
810.0,1016.4831,-206.48309326171875
2875.0,2518.323,356.677001953125
5636.0,5723.089,-87.0888671875
6656.0,6263.0967,392.9033203125
5907.0,6009.852,-102.85205078125
5063.0,4967.8574,95.142578125
4365.0,4534.102,-169.10205078125
4513.0,4611.5596,-98.5595703125
4933.0,4847.1167,85.88330078125
4659.0,5019.3174,-360.3173828125
4997.0,4988.85,8.14990234375
5748.0,5381.1006,366.8994140625
6674.0,6341.9346,332.0654296875
5937.0,5866.2417,70.75830078125
4171.0,4168.4375,2.5625
2984.0,3229.5051,-245.505126953125
2399.0,2735.1338,-336.1337890625
2051.0,2263.5518,-212.5517578125
1431.0,1748.2549,-317.2548828125
955.0,1007.31976,-52.31976318359375
569.0,560.62695,8.373046875
317.0,379.2208,-62.220794677734375
254.0,127.08219,126.91780853271484
352.0,285.03152,66.96847534179688
843.0,939.7126,-96.71258544921875
3058.0,3134.167,-76.1669921875
5917.0,6050.8633,-133.86328125
6649.0,6453.164,195.8359375
6075.0,6050.041,24.958984375
5320.0,5127.6274,192.37255859375
4493.0,4714.1724,-221.17236328125
4934.0,4751.754,182.24609375
4980.0,5177.919,-197.9189453125
4837.0,5073.123,-236.123046875
5024.0,5221.8115,-197.8115234375
5756.0,5550.249,205.7509765625
6731.0,6425.8867,305.11328125
5922.0,6086.8403,-164.84033203125
4740.0,4232.2314,507.7685546875
3162.0,3586.2449,-424.244873046875
2676.0,2916.0332,-240.033203125
2378.0,2632.1328,-254.1328125
1532.0,2002.3999,-470.39990234375
946.0000000000001,1155.3876,-209.3875732421874
552.0,596.34143,-44.3414306640625
310.0,353.2861,-43.286102294921875
274.0,133.25288,140.7471160888672
376.0,387.02057,-11.02056884765625
883.0,1033.2557,-150.2557373046875
3034.0,3170.993,-136.992919921875
5956.0,6042.288,-86.2880859375
6624.0,6538.561,85.43896484375
6020.0,6035.139,-15.13916015625
5331.0,5126.4507,204.54931640625
4690.0,4768.3735,-78.37353515625
4770.0,4950.8286,-180.82861328125
4982.0,5069.214,-87.2138671875
4983.0,5092.632,-109.6318359375
5223.0,5288.5337,-65.53369140625
5862.0,5801.784,60.2158203125
6685.0,6521.435,163.56494140625
6347.0,6197.41,149.58984375
4914.0,4723.174,190.826171875
3715.9999999999995,3595.1929,120.80712890624955
2859.0,3247.4695,-388.469482421875
2491.0,2770.136,-279.135986328125
1780.0,2217.2634,-437.263427734375
2859.0,1449.6665,1409.33349609375
732.0,1390.2263,-658.226318359375
401.0,544.49963,-143.4996337890625
284.0,335.63907,-51.639068603515625
395.0,324.3828,70.6171875
926.0,1291.983,-365.9830322265625
2967.0,3369.3123,-402.312255859375
5862.0,5806.096,55.90380859375
6440.0,6464.291,-24.291015625
5819.0,5815.7715,3.228515625
5518.0,4957.465,560.53515625
4643.0,4905.1016,-262.1015625
5089.0,4826.4966,262.50341796875
5069.0,5289.458,-220.4580078125
5138.0,5156.217,-18.216796875
5338.0,5427.0645,-89.064453125
5700.0,5864.7407,-164.74072265625
6605.0,6358.053,246.94677734375
6241.0,6416.15,-175.14990234375
4668.0,4930.7534,-262.75341796875
3377.0,3549.361,-172.361083984375
3106.0,3023.828,82.172119140625
3619.0,2944.4502,674.5498046875
2969.0,2706.3616,262.638427734375
1383.0,1591.0278,-208.02783203125
721.0,1022.10846,-301.10845947265625
431.0,426.3413,4.65869140625
291.0,241.32074,49.67926025390625
420.0,255.83134,164.1686553955078
830.0,1068.714,-238.7139892578125
2873.0,2825.2815,47.718505859375
5650.0,5824.2383,-174.23828125
6708.0,6497.4126,210.58740234375
5772.0,6106.475,-334.47509765625
5335.0,5115.752,219.248046875
4881.0,4962.6255,-81.62548828125
5187.0,5165.3047,21.6953125
5421.0,5448.0986,-27.0986328125
5565.0,5529.8833,35.11669921875
5711.0,5780.1475,-69.1474609375
6284.0,6054.1646,229.83544921875
6468.0,6564.639,-96.63916015625
6000.0,5999.614,0.38623046875
5037.0,5095.3745,-58.37451171875
4086.0,3953.973,132.027099609375
3480.0,3388.6902,91.309814453125
3043.0,3304.4404,-261.4404296875
3054.0,2759.8923,294.107666015625
3604.0,2613.1106,990.889404296875
1479.0,2321.0447,-842.044677734375
866.0,722.1219,143.87811279296875
635.0,662.39624,-27.396240234375
489.0,306.18997,182.81002807617188
539.0,807.0164,-268.01641845703125
978.0,1098.8158,-120.8157958984375
1666.0,2104.2183,-438.21826171875
2386.0,2500.4285,-114.428466796875
3343.0,3119.7478,223.252197265625
4112.0,3906.178,205.822021484375
4562.0,4531.9453,30.0546875
5055.0,4855.878,199.1220703125
5441.0,5151.8506,289.1494140625
5516.0,5314.4185,201.58154296875
5177.0,5287.9526,-110.95263671875
5477.0,5024.7974,452.20263671875
5397.0,5191.853,205.14697265625
5838.0,5181.981,656.01904296875
5490.0,5359.354,130.64599609375
4140.0,5063.747,-923.7470703125
4032.0,3854.3335,177.66650390625
3182.0,3512.6375,-330.637451171875
2623.0,3251.742,-628.741943359375
1939.0,2721.4783,-782.478271484375
1274.0,1433.069,-159.0689697265625
705.0,701.6826,3.3173828125
577.0,384.08493,192.91506958007812
343.0,496.89798,-153.89797973632812
289.0,279.95718,9.042816162109375
476.0,296.1344,179.8656005859375
813.0,1218.8695,-405.8695068359375
1131.0,1732.1182,-601.1181640625
1936.0,1840.9243,95.07568359375
2831.0,2644.1099,186.89013671875
3515.0,3592.978,-77.97802734375
4113.0,4061.0469,51.953125
4235.0,4373.4126,-138.41259765625
4516.0,4441.6343,74.36572265625
4383.0,4601.4316,-218.431640625
4892.0,4442.8403,449.15966796875
4962.0,4846.517,115.48291015625
5014.0,4855.6436,158.3564453125
4035.0,4884.5483,-849.54833984375
2993.0,3880.7788,-887.77880859375
2533.0,2769.2937,-236.293701171875
2135.0,2425.0562,-290.05615234375
1782.0,1899.1877,-117.187744140625
1105.0,1324.6743,-219.67431640625
573.0,550.0093,22.99072265625
358.0,316.0994,41.900604248046875
246.99999999999997,230.83441,16.16558837890622
407.0,288.21097,118.78903198242188
915.0,1232.5946,-317.5946044921875
2938.0,2528.2585,409.741455078125
5369.0,5573.8765,-204.87646484375
5056.0,5923.2114,-867.21142578125
5454.0,4692.439,761.56103515625
5454.0,4926.054,527.94580078125
5173.0,4810.291,362.708984375
5173.0,4905.15,267.85009765625
5173.0,5062.819,110.18115234375
4647.0,5164.6035,-517.603515625
4647.0,4686.893,-39.89306640625
4647.0,4624.47,22.52978515625
4641.0,4807.438,-166.43798828125
4705.0,4850.957,-145.95703125
4705.0,4967.0776,-262.07763671875
4705.0,5011.055,-306.05517578125
5004.0,4983.816,20.18408203125
5004.0,5402.0366,-398.03662109375
5004.0,5365.705,-361.705078125
5004.0,5284.046,-280.0458984375
5165.0,5228.6206,-63.62060546875
5165.0,5463.938,-298.93798828125
5165.0,5432.7354,-267.7353515625
5666.0,5388.095,277.90478515625
5666.0,5853.331,-187.3310546875
5666.0,5760.84,-94.83984375
5666.0,5695.0557,-29.0556640625
6533.0,5599.4756,933.5244140625
6533.0,6069.0786,463.92138671875
6533.0,6037.079,495.9208984375
5912.0,6017.9497,-105.94970703125
5912.0,5476.323,435.6767578125
5912.0,5311.5195,600.48046875
4378.0,5254.846,-876.84619140625
4378.0,4366.0234,11.9765625
3092.0,4079.5823,-987.582275390625
3092.0,3234.5417,-142.541748046875
3092.0,2907.7651,184.23486328125
2556.0,2774.3945,-218.39453125
2556.0,2303.7734,252.2265625
2556.0,2402.237,153.762939453125
2150.0,2374.9338,-224.933837890625
2150.0,1809.3816,340.618408203125
2150.0,1864.0122,285.98779296875
1653.0,1983.142,-330.1419677734375
1653.0,1574.8538,78.146240234375
1653.0,1442.7013,210.2987060546875
1763.0,1546.9697,216.0302734375
1763.0,1603.7959,159.2041015625
1763.0,1587.9036,175.096435546875
693.0,1518.9474,-825.9473876953125
693.0,668.43555,24.564453125
693.0,399.44543,293.5545654296875
327.0,429.85617,-102.85617065429688
327.0,149.98486,177.01513671875
278.0,384.51263,-106.51263427734375
278.0,259.05698,18.943023681640625
394.0,377.6741,16.325897216796875
394.0,530.46124,-136.46124267578125
853.0,587.8371,265.16290283203125
853.0,1261.5817,-408.5816650390625
2637.0,1961.2572,675.7427978515625
3657.0,3402.3433,254.65673828125
2334.0,4605.323,-2271.3232421875
2160.0,5070.642,-2910.64208984375
2578.0,3512.634,-934.634033203125
2578.0,2973.0608,-395.060791015625
3705.9999999999995,2874.0576,831.9423828124995
3683.0,3891.5186,-208.5185546875
3683.0,3956.447,-273.447021484375
3991.0000000000005,4141.1816,-150.18164062499955
3991.0000000000005,4262.6274,-271.62744140624955
4158.0,4102.35,55.64990234375
4158.0,4325.2095,-167.20947265625
4383.0,4264.2935,118.70654296875
4383.0,4643.991,-260.9912109375
3935.9999999999995,4593.921,-657.9208984375005
3935.9999999999995,3993.3513,-57.351318359375455
2924.0,3699.5645,-775.564453125
2447.0,2741.4897,-294.48974609375
2278.0,2213.0146,64.9853515625
1555.0,2005.4586,-450.4586181640625
1014.0,1010.127,3.87298583984375
744.0,585.9286,158.0714111328125
585.0,513.51514,71.48486328125
409.0,456.6708,-47.670806884765625
534.0,349.92917,184.07083129882812
1072.0,972.8077,99.19232177734375
3067.0,2173.1282,893.871826171875
5480.0,5016.677,463.3232421875
5255.0,5883.4326,-628.4326171875
5113.0,4936.211,176.7890625
5485.0,4697.163,787.8369140625
4772.0,5002.0503,-230.05029296875
4861.0,4642.662,218.337890625
4983.0,4940.4717,42.5283203125
5073.0,5085.0137,-12.013671875
5155.0,5195.1816,-40.181640625
5480.0,5309.7163,170.28369140625
5480.0,5723.098,-243.09814453125
5729.0,5690.213,38.787109375
5729.0,5769.505,-40.5048828125
5196.0,5478.852,-282.85205078125
5196.0,4626.083,569.9169921875
4144.0,4614.87,-470.8701171875
4144.0,4012.3054,131.694580078125
4144.0,3849.827,294.173095703125
3061.0,3759.1519,-698.15185546875
3061.0,3158.3577,-97.357666015625
3061.0,3073.3088,-12.308837890625
2753.0,3077.5696,-324.569580078125
2753.0,2515.1318,237.8681640625
2449.0,2481.5508,-32.55078125
1652.0,2178.616,-526.615966796875
1093.0,1368.7961,-275.796142578125
602.0,824.9552,-222.9552001953125
357.0,503.19547,-146.19546508789062
286.0,316.06842,-30.06842041015625
376.0,328.7888,47.211212158203125
926.9999999999999,783.17957,143.8204345703124
3044.0,2276.142,767.85791015625
5058.0,5090.756,-32.755859375
5782.0,5785.977,-3.97705078125
5509.0,5470.6157,38.38427734375
4958.0,5034.9956,-76.99560546875
4486.0,4730.421,-244.4208984375
4774.0,4616.917,157.0830078125
4981.0,4915.284,65.7158203125
5035.0,5075.8853,-40.88525390625
5296.0,5302.8154,-6.8154296875
5696.0,5702.7695,-6.76953125
6217.0,6112.249,104.7509765625
5865.0,5996.598,-131.59814453125
4712.0,4815.042,-103.0419921875
3445.0,3608.073,-163.072998046875
2995.0,3065.4553,-70.455322265625
2934.0,2907.698,26.302001953125
1923.0,2472.7317,-549.731689453125
1152.0,1499.1292,-347.129150390625
651.0,778.22003,-127.22003173828125
386.0,450.7691,-64.76910400390625
319.0,250.03009,68.96990966796875
392.0,364.96582,27.0341796875
865.0,988.66614,-123.6661376953125
2916.0,2935.5903,-19.59033203125
5276.0,5789.955,-513.955078125
6081.0,6117.614,-36.61376953125
5448.0,5651.2856,-203.28564453125
5087.0,4909.606,177.39404296875
4771.0,4810.9697,-39.9697265625
5083.0,4979.6284,103.37158203125
5299.0,5284.532,14.4677734375
5418.0,5408.3477,9.65234375
5424.0,5624.649,-200.64892578125
5931.0,5800.0093,130.99072265625
6150.0,6374.0107,-224.0107421875
5526.0,5985.1426,-459.142578125
4564.0,4613.574,-49.57421875
3631.0,3665.4722,-34.47216796875
3631.0,3234.737,396.262939453125
3190.0,3419.4966,-229.49658203125
3190.0,2629.4817,560.518310546875
3138.0,2556.11,581.889892578125
2728.0,2403.6191,324.380859375
1846.0,2191.4932,-345.4931640625
1326.0,1353.129,-27.1290283203125
826.0,953.2375,-127.23748779296875
601.0,570.25574,30.7442626953125
389.0,393.9742,-4.974212646484375
471.00000000000006,356.97443,114.0255737304688
877.0,565.1722,311.82781982421875
1441.0,1183.3048,257.6951904296875
2156.0,2312.9873,-156.9873046875
3024.0,3093.574,-69.573974609375
3900.0,3614.4507,285.54931640625
4433.0,4284.1245,148.87548828125
4928.0,4681.8115,246.1884765625
5263.0,5035.3184,227.681640625
5186.0,5247.989,-61.98876953125
5255.0,5132.1123,122.8876953125
5087.0,5108.5684,-21.568359375
5160.0,4895.329,264.6708984375
5536.0,4914.493,621.5068359375
4555.0,5184.4893,-629.4892578125
3449.0,4218.9365,-769.9365234375
3030.0,3361.5142,-331.51416015625
3260.0,3060.021,199.97900390625
3068.0,3182.1292,-114.129150390625
1919.0,2413.888,-494.887939453125
1370.0,1176.9545,193.0455322265625
910.0,788.7623,121.2376708984375
641.0,605.5346,35.46539306640625
391.0,456.45764,-65.4576416015625
392.0,382.1501,9.84991455078125
635.0,433.74142,201.25857543945312
922.0,1039.6962,-117.6961669921875
1152.0,1234.8014,-82.8013916015625
1868.9999999999998,1810.085,58.91503906249977
2745.0,2472.6638,272.336181640625
3616.0,3372.857,243.14306640625
4025.0000000000005,4010.8105,14.189453125000455
4264.0,4328.615,-64.615234375
4352.0,4437.332,-85.33203125
4370.0,4444.9385,-74.9384765625
4762.0,4454.488,307.51220703125
4604.0,4774.343,-170.3427734375
4355.0,4582.842,-227.841796875
3723.9999999999995,4195.277,-471.27685546875045
2966.0,3338.2703,-372.270263671875
2560.0,2657.1284,-97.12841796875
2069.0,2396.8547,-327.854736328125
1732.0,1720.1935,11.8065185546875
999.0000000000001,1236.3087,-237.3087158203124
542.0,515.1978,26.80218505859375
542.0,329.97043,212.02957153320312
281.0,492.5055,-211.5054931640625
281.0,173.42244,107.57756042480469
281.0,650.7446,-369.74462890625
279.0,558.7907,-279.79071044921875
279.0,613.95605,-334.9560546875
353.0,551.22394,-198.22393798828125
353.0,731.30994,-378.3099365234375
901.0,657.302,243.697998046875
901.0,831.85547,69.14453125
2907.0,2067.8005,839.199462890625
2907.0,3653.5315,-746.531494140625
5061.0,4696.123,364.876953125
4050.0,5339.3857,-1289.3857421875
4050.0,4456.1343,-406.13427734375
4050.0,4205.423,-155.4228515625
4349.0,4195.0244,153.9755859375
4349.0,4444.0327,-95.03271484375
4734.0,4416.4536,317.54638671875
4734.0,4792.2705,-58.2705078125
4049.0,4859.5986,-810.5986328125
4049.0,3820.6,228.39990234375
4291.0,3741.6033,549.396728515625
4291.0,4243.645,47.35498046875
4452.0,4339.8496,112.150390625
4509.0,4725.7524,-216.75244140625
4824.0,4767.127,56.873046875
5501.0,5143.9595,357.04052734375
6076.0,5780.1826,295.8173828125
5712.0,5648.7466,63.25341796875
4040.0,4588.5713,-548.5712890625
2894.0,3108.274,-214.27392578125
2374.0,2616.3645,-242.364501953125
2028.0,2022.3536,5.6463623046875
1433.0,1500.8352,-67.835205078125
958.0,1044.1364,-86.1363525390625
548.0,572.8169,-24.81689453125
395.0,307.6496,87.35040283203125
256.0,333.72345,-77.72344970703125
339.0,292.8234,46.176605224609375
939.0000000000001,1151.4513,-212.4512939453124
2963.0,3385.6187,-422.61865234375
5981.0,5824.547,156.453125
5928.0,6345.7925,-417.79248046875
5709.0,5442.066,266.93408203125
5184.0,4991.438,192.56201171875
4531.0,4718.3936,-187.3935546875
4714.0,4773.358,-59.35791015625
4948.0,4966.775,-18.77490234375
4869.0,5075.7363,-206.736328125
5012.0,5218.7393,-206.7392578125
5651.0,5526.3047,124.6953125
6407.0,6323.8184,83.181640625
5923.0,6129.717,-206.716796875
4427.0,4563.905,-136.90478515625
3282.0,3357.557,-75.556884765625
2673.0,2956.5002,-283.500244140625
2819.0,2559.9497,259.05029296875
3263.0,2354.7683,908.231689453125
1080.0,1684.1263,-604.1263427734375
641.0,683.37836,-42.37835693359375
391.0,381.50937,9.490631103515625
268.0,241.1643,26.835693359375
395.0,395.01294,-0.012939453125
912.0,1005.2696,-93.26959228515625
3108.0,3105.1887,2.811279296875
5910.0,5906.007,3.9931640625
6025.0,6467.2207,-442.220703125
4696.0,5623.809,-927.80908203125
4696.0,4569.4546,126.54541015625
5179.0,4776.781,402.21923828125
5179.0,5450.4126,-271.41259765625
4347.0,5453.1685,-1106.16845703125
4501.0,4541.3926,-40.392578125
4787.0,4464.734,322.26611328125
4943.0,5411.2783,-468.2783203125
5049.0,5360.0664,-311.06640625
5642.0,5472.294,169.7060546875
6621.0,5976.1753,644.82470703125
6000.0,6157.2754,-157.275390625
4370.0,4924.382,-554.3818359375
3139.0,3491.3943,-352.394287109375
2777.0,2820.4497,-43.44970703125
2369.0,2534.9915,-165.991455078125
1889.0000000000002,1919.4537,-30.453735351562273
1168.0,1575.7911,-407.7911376953125
571.0,829.32745,-258.32745361328125
392.0,481.30487,-89.30487060546875
298.0,272.7273,25.272705078125
372.0,399.88696,-27.886962890625
372.0,939.8079,-567.8079223632812
908.0,970.03937,-62.03936767578125
2930.0,2932.8428,-2.8427734375
5808.0,5783.2397,24.76025390625
6252.0,6433.904,-181.90380859375
5573.0,5857.9,-284.89990234375
5360.0,5089.5903,270.40966796875
4607.0,4978.035,-371.03515625
4881.0,4932.712,-51.7119140625
5058.0,5258.646,-200.64599609375
5019.0,5245.5767,-226.57666015625
5430.0,5376.3955,53.6044921875
5897.0,6063.1084,-166.1083984375
5897.0,6343.6235,-446.62353515625
6757.0,5701.793,1055.20703125
6042.0,6330.7036,-288.70361328125
4672.0,4874.136,-202.13623046875
3397.0,3719.9001,-322.900146484375
3055.0,3089.1401,-34.14013671875
3558.0,2921.1045,636.8955078125
3433.0,2725.0715,707.928466796875
1680.0,2057.9653,-377.96533203125
803.0,1368.1434,-565.1434326171875
490.0,426.4189,63.581085205078125
358.0,376.7228,-18.722808837890625
387.0,305.62442,81.37557983398438
836.0,956.93787,-120.9378662109375
2773.0,2788.1013,-15.101318359375
5506.0,5620.842,-114.841796875
6307.0,6343.2305,-36.23046875
5600.0,5830.7197,-230.7197265625
5222.0,5092.6133,129.38671875
4949.0,5056.1826,-107.1826171875
5342.0,5230.268,111.73193359375
5368.0,5527.6655,-159.66552734375
5386.0,5514.741,-128.7412109375
5672.0,5648.551,23.44921875
6048.0,6060.167,-12.1669921875
6669.0,6392.3354,276.66455078125
5666.0,6172.234,-506.23388671875
4776.0,4537.1514,238.8486328125
3550.0,3845.7358,-295.73583984375
3550.0,3142.6853,407.314697265625
2849.0,3326.3774,-477.37744140625
2849.0,2147.6846,701.3154296875
2866.0,2197.3728,668.627197265625
2866.0,1939.2113,926.7886962890625
2554.0,2159.1912,394.808837890625
2554.0,1997.2935,556.70654296875
1814.0,2011.6486,-197.6485595703125
1814.0,1590.6958,223.30419921875
1275.0,1437.9686,-162.9686279296875
1275.0,1143.2921,131.7078857421875
817.0,969.54675,-152.5467529296875
817.0,772.36084,44.63916015625
646.0,631.94434,14.0556640625
646.0,517.00433,128.99566650390625
413.0,526.4648,-113.46478271484375
413.0,417.21094,-4.2109375
441.0,401.68945,39.310546875
798.0,443.43512,354.56488037109375
1294.0,1351.2294,-57.2293701171875
1812.0,2035.9216,-223.921630859375
2603.0,2908.6196,-305.61962890625
3440.0,3305.9414,134.05859375
3959.9999999999995,3851.1775,108.82250976562455
4303.0,4211.66,91.33984375
4303.0,4497.3496,-194.349609375
4806.0,4400.402,405.59814453125
4806.0,4794.223,11.77685546875
4743.0,4767.204,-24.2041015625
4743.0,4683.5747,59.42529296875
4893.0,4670.839,222.1611328125
5448.0,4780.6216,667.37841796875
6122.0,5220.5356,901.46435546875
6122.0,5630.0034,491.99658203125
5088.0,5565.803,-477.80322265625
4600.0,4316.8955,283.1044921875
3512.0,3992.066,-480.06591796875
3143.0,3404.4077,-261.40771484375
3003.0,3273.7986,-270.798583984375
3020.0,2856.141,163.85888671875
2166.0,2468.1616,-302.16162109375
1230.0,1547.9539,-317.953857421875
759.0,733.83264,25.1673583984375
557.0,509.72162,47.27838134765625
391.0,412.7405,-21.740509033203125
320.0,394.5999,-74.59991455078125
501.00000000000006,567.3784,-66.37841796874994
930.9999999999999,1040.6263,-109.62634277343761
1283.0,1401.8235,-118.823486328125
1994.0000000000002,2069.1653,-75.16528320312477
1994.0000000000002,2789.2373,-795.2373046874998
3246.0,3104.5952,141.40478515625
3246.0,3622.0798,-376.079833984375
3246.0,3783.7666,-537.7666015625
4399.0,3585.3674,813.632568359375
4399.0,4500.9775,-101.9775390625
4399.0,4582.384,-183.3837890625
3996.0000000000005,4567.991,-571.9912109374995
3996.0000000000005,4036.859,-40.858886718749545
4084.0,3928.2444,155.755615234375
3976.9999999999995,3935.3884,41.611572265624545
3976.9999999999995,3769.112,207.88793945312455
4015.0000000000005,3640.666,374.33398437500045
4015.0000000000005,3622.2244,392.77563476562545
4255.0,3649.9858,605.01416015625
4255.0,3926.3037,328.6962890625
4255.0,4114.907,140.0927734375
4493.0,4315.403,177.59716796875
4493.0,4673.4365,-180.4365234375
4183.0,4597.721,-414.72119140625
4183.0,4080.0166,102.9833984375
3558.0,4050.0178,-492.017822265625
3558.0,3425.5251,132.474853515625
2892.0,3296.284,-404.283935546875
2892.0,2803.1296,88.870361328125
2486.0,2678.4744,-192.474365234375
2486.0,2288.731,197.26904296875
2061.0,2169.7297,-108.729736328125
2061.0,1777.2458,283.754150390625
1692.0,1689.9368,2.063232421875
1692.0,1448.278,243.7220458984375
979.0,1373.8901,-394.89013671875
979.0,850.63904,128.3609619140625
530.0,706.3514,-176.35137939453125
530.0,450.6084,79.3916015625
310.0,398.5105,-88.510498046875
310.0,270.82904,39.17095947265625
260.0,321.49765,-61.497650146484375
260.0,289.6895,-29.68951416015625
332.0,353.92584,-21.92584228515625
332.0,457.71332,-125.71331787109375
905.0,502.922,402.0780029296875
2852.0,1644.3735,1207.62646484375
5448.0,5055.715,392.28515625
6198.0,6026.5293,171.470703125
5039.0,5573.01,-534.009765625
4901.0,4722.4404,178.5595703125
4496.0,4608.942,-112.94189453125
4496.0,4709.4956,-213.49560546875
4542.0,4809.1094,-267.109375
4860.0,4783.2104,76.78955078125
4802.0,5245.447,-443.44677734375
5185.0,5239.3604,-54.3603515625
5859.0,5748.8745,110.12548828125
6502.0,6038.0845,463.91552734375
6009.0,5676.008,332.9921875
4434.0,4547.563,-113.56298828125
3065.0,3380.3955,-315.3955078125
2397.0,2846.2585,-449.258544921875
2125.0,2329.6707,-204.670654296875
1560.0,1839.0774,-279.077392578125
1062.0,1255.3472,-193.34716796875
591.0,634.2905,-43.29052734375
371.0,438.691,-67.69100952148438
278.0,235.52576,42.4742431640625
359.0,328.02042,30.979583740234375
869.0,954.2097,-85.209716796875
2977.0,3067.9336,-90.93359375
5784.0,5863.143,-79.14306640625
6291.0,6340.916,-49.916015625
5791.0,5768.005,22.9951171875
5121.0,5018.3315,102.66845703125
4727.0,4709.2886,17.71142578125
4976.0,4968.9375,7.0625
5123.0,5196.8403,-73.84033203125
4997.0,5264.7715,-267.771484375
5385.0,5363.035,21.96484375
5847.0,5986.719,-139.71923828125
6677.0,6447.614,229.38623046875
5962.0,6164.8716,-202.87158203125
4381.0,4391.7905,-10.79052734375
3323.0,3442.9226,-119.922607421875
2794.0,3023.4128,-229.412841796875
2461.0,2630.805,-169.804931640625
1911.0,2062.4846,-151.484619140625
1146.0,1388.4706,-242.4705810546875
635.0,746.84955,-111.84954833984375
418.0,454.39575,-36.395751953125
306.0,237.06277,68.93722534179688
379.0,328.17935,50.820648193359375
905.0,869.9101,35.08990478515625
2952.0,3148.9775,-196.9775390625
5834.0,5915.485,-81.48486328125
6546.0,6503.8,42.2001953125
5694.0,5968.909,-274.9091796875
5372.0,5023.769,348.23095703125
4902.0,4941.1494,-39.1494140625
5092.0,5117.8516,-25.8515625
5090.0,5347.897,-257.89697265625
4769.0,5264.4116,-495.41162109375
5026.0,5044.9243,-18.92431640625
5026.0,5432.666,-406.666015625
5549.0,5697.086,-148.0859375
5549.0,6085.175,-536.1748046875
5549.0,5685.1904,-136.1904296875
6372.0,5429.727,942.27294921875
5634.0,6371.794,-737.7939453125
4366.0,5077.3047,-711.3046875
3259.0,3714.764,-455.763916015625
2648.0,2967.8008,-319.80078125
2533.0,2541.636,-8.635986328125
1915.0,2037.722,-122.7220458984375
1204.0,1444.9297,-240.9296875
621.0,841.7272,-220.7271728515625
393.0,465.77188,-72.77188110351562
281.0,333.27594,-52.27593994140625
382.0,321.88184,60.1181640625
901.0,1091.8337,-190.833740234375
2863.0,3035.1917,-172.191650390625
5512.0,5591.61,-79.60986328125
5878.0,6176.7397,-298.73974609375
5310.0,5484.5,-174.5
4975.0,4878.815,96.18505859375
4792.0,4841.607,-49.60693359375
4936.0,5054.784,-118.7841796875
5140.0,5178.475,-38.47509765625
5137.0,5295.1807,-158.1806640625
5493.0,5418.0957,74.904296875
5903.0,5987.955,-84.955078125
6551.0,6356.9707,194.029296875
5926.0,6049.1685,-123.16845703125
4535.0,4561.069,-26.06884765625
3242.0,3570.7896,-328.78955078125
2884.0,2981.4707,-97.470703125
2773.0,2804.8047,-31.8046875
2294.0,2254.6772,39.32275390625
1450.0,1620.8362,-170.836181640625
771.0,1028.7334,-257.7333984375
474.00000000000006,557.2969,-83.29687499999994
329.0,295.50375,33.496246337890625
382.0,242.76965,139.2303466796875
767.0,810.1368,-43.13677978515625
2429.0,2493.9465,-64.946533203125
4378.0,5391.157,-1013.1572265625
4955.0,5609.5254,-654.525390625
4509.0,4820.2993,-311.29931640625
4515.0,4393.6587,121.34130859375
4593.0,4563.4365,29.5634765625
5139.0,4801.751,337.2490234375
5447.0,5220.2363,226.763671875
5349.0,5375.4644,-26.46435546875
5581.0,5303.744,277.255859375
5510.0,5729.4526,-219.45263671875
5346.0,5627.9053,-281.9052734375
4871.0,5060.994,-189.994140625
4105.0,4252.684,-147.68408203125
3464.0,3598.6116,-134.611572265625
2972.0,3278.7102,-306.710205078125
3096.0,3059.9204,36.07958984375
2584.0,2934.7673,-350.767333984375
1779.0,2090.82,-311.820068359375
1141.0,1226.179,-85.178955078125
698.0,746.7839,-48.78387451171875
391.0,459.00085,-68.0008544921875
359.0,279.44098,79.55902099609375
596.0,470.46222,125.53778076171875
1016.0,1271.8594,-255.859375
1390.0,1527.7587,-137.7586669921875
2008.0000000000002,2155.2266,-147.22656249999977
2819.0,2694.5396,124.46044921875
3375.0,3423.998,-48.998046875
4002.0000000000005,3835.7937,166.20629882812545
4175.0,4284.8037,-109.8037109375
4475.0,4416.741,58.2587890625
4305.0,4599.6006,-294.6005859375
4107.0,4414.542,-307.5419921875
4144.0,4172.6133,-28.61328125
3994.0000000000005,4139.2617,-145.26171874999955
3532.0,3800.7356,-268.735595703125
2949.0,3182.5457,-233.545654296875
2420.0,2657.7068,-237.706787109375
2449.0,2233.3171,215.682861328125
2372.0,2168.9028,203.09716796875
1840.0,1718.3754,121.6246337890625
1147.0,1223.0804,-76.0804443359375
963.0,733.6143,229.38568115234375
861.0,605.47766,255.5223388671875
374.0,586.21924,-212.21923828125
303.0,313.9227,-10.922698974609375
529.0,301.20682,227.79318237304688
839.0,934.33496,-95.3349609375
964.0,1121.1929,-157.19287109375
1477.0,1525.1598,-48.1597900390625
2250.0,2056.4229,193.5771484375
2929.0,2841.8103,87.189697265625
3200.0,3409.6519,-209.65185546875
3698.0,3622.8389,75.1611328125
3400.0,3921.7024,-521.702392578125
3400.0,3621.334,-221.333984375
3694.0,3469.9634,224.03662109375
3694.0,3742.8555,-48.85546875
3851.0,3655.841,195.158935546875
3529.0,3794.5032,-265.503173828125
3196.0,3359.1982,-163.1982421875
2549.0,2886.3398,-337.33984375
2339.0,2208.3467,130.6533203125
2460.0,2071.9524,388.047607421875
2576.0,2007.4858,568.51416015625
2576.0,1797.9596,778.0404052734375
2300.0,1754.0424,545.9576416015625
1565.0,1703.1405,-138.1405029296875
1092.0,1117.7433,-25.7432861328125
666.0,708.45026,-42.45025634765625
487.0,425.53467,61.46533203125
349.0,345.32306,3.67694091796875
339.0,364.18167,-25.181671142578125
520.0,437.80988,82.19012451171875
798.0,656.5397,141.4603271484375
798.0,1057.1649,-259.1649169921875
942.0000000000001,1382.1676,-440.1676025390624
942.0000000000001,1327.261,-385.2609863281249
1260.0,1279.0459,-19.0458984375
1260.0,1480.0537,-220.0537109375
1760.0,1701.076,58.9239501953125
2292.0,2142.703,149.297119140625
2653.0,2741.1692,-88.169189453125
2957.0,3142.4727,-185.47265625
2983.0,3355.5188,-372.518798828125
2850.0,3293.7239,-443.723876953125
2732.0,3059.89,-327.889892578125
3045.0,2842.849,202.15087890625
3134.0,3082.6223,51.377685546875
3172.0,3065.9622,106.037841796875
3100.0,3141.875,-41.875
2875.0,3025.5798,-150.579833984375
2404.0,2777.0527,-373.052734375
1798.0,2229.304,-431.303955078125
1147.0,1496.9518,-349.9517822265625
539.0,745.94995,-206.949951171875
326.0,238.98537,87.01463317871094
213.0,337.48178,-124.48178100585938
261.0,324.35043,-63.350433349609375
507.0,728.47534,-221.475341796875
1761.0,1373.4517,387.54833984375
3029.0,3738.7776,-709.777587890625
3203.0,4345.6465,-1142.646484375
2982.0,3536.7717,-554.771728515625
3013.0,3227.8376,-214.837646484375
3396.0,3247.752,148.248046875
3983.0000000000005,3616.884,366.11596679687545
4197.0,4205.618,-8.6181640625
4487.0,4596.5034,-109.50341796875
4828.0,4794.375,33.625
5172.0,4780.79,391.2099609375
5282.0,4929.8667,352.13330078125
4561.0,4946.1343,-385.13427734375
3598.0,3808.7761,-210.776123046875
2846.0,3183.868,-337.867919921875
2369.0,2848.5813,-479.581298828125
2031.0,2395.1743,-364.17431640625
1882.0000000000002,1792.9974,89.00256347656273
1065.0,1420.3513,-355.351318359375
586.0,656.94666,-70.9466552734375
378.0,389.3725,-11.37249755859375
272.0,274.98044,-2.980438232421875
330.0,341.57745,-11.57745361328125
712.0,855.7352,-143.7352294921875
2287.0,2166.0127,120.9873046875
4250.0,5073.124,-823.1240234375
4453.0,5164.376,-711.3759765625
4124.0,4152.7847,-28.78466796875
3949.9999999999995,3885.9182,64.08178710937455
3858.0,3866.4563,-8.456298828125
4401.0,4004.001,396.9990234375
4752.0,4466.271,285.72900390625
4836.0,4808.6973,27.302734375
5250.0,4957.2773,292.72265625
5398.0,5498.6533,-100.6533203125
5997.0,5391.6494,605.3505859375
5397.0,5733.664,-336.6640625
4295.0,4297.7993,-2.79931640625
2941.0,3363.3254,-422.325439453125
2482.0,2776.1284,-294.12841796875
2971.0,2470.5972,500.40283203125
3074.0,2439.35,634.64990234375
1310.0,1777.9178,-467.9178466796875
732.0,1083.9679,-351.9678955078125
412.0,405.3498,6.65020751953125
288.0,308.5673,-20.567291259765625
373.0,291.89627,81.10372924804688
373.0,1009.0421,-636.0421142578125
743.0,721.20636,21.79364013671875
743.0,1723.409,-980.4090576171875
2217.0,1578.5676,638.432373046875
2217.0,2784.002,-567.001953125
2217.0,4052.877,-1835.876953125
3997.0000000000005,4061.3545,-64.35449218749955
3997.0000000000005,4242.566,-245.56591796874955
3997.0000000000005,4529.08,-532.0800781249995
3699.0,4452.836,-753.8359375
3699.0,3801.2207,-102.220703125
3699.0,3725.4717,-26.4716796875
2745.0,3673.424,-928.424072265625
2745.0,2541.933,203.06689453125
3529.0,2341.4507,1187.54931640625
3529.0,2990.7393,538.2607421875
3529.0,2850.6008,678.399169921875
3562.0,3198.0024,363.99755859375
3562.0,3170.3967,391.603271484375
3562.0,3341.0474,220.95263671875
3433.0,3443.3562,-10.356201171875
3433.0,3316.6685,116.33154296875
3433.0,3312.9658,120.0341796875
3994.0000000000005,3300.3933,693.6066894531255
3994.0000000000005,3898.0823,95.91772460937545
3931.0,4032.691,-101.69091796875
3931.0,4117.8726,-186.87255859375
4308.0,3992.6323,315.36767578125
4308.0,4533.216,-225.2158203125
4515.0,4445.359,69.64111328125
4515.0,4710.1934,-195.193359375
5141.0,4654.335,486.6650390625
5141.0,5295.9863,-154.986328125
4520.0,5234.8955,-714.8955078125
4520.0,4296.868,223.1318359375
3764.0000000000005,4098.9683,-334.96826171874955
2849.0,3421.361,-572.361083984375
2299.0,2751.5576,-452.5576171875
2180.0,2183.21,-3.2099609375
1916.0,1876.727,39.27294921875
1916.0,1446.393,469.6070556640625
1177.0,1384.2705,-207.2705078125
741.0,957.60754,-216.6075439453125
437.0,490.0366,-53.036590576171875
358.0,351.92795,6.072052001953125
383.0,455.61453,-72.61453247070312
694.0,867.84314,-173.8431396484375
2207.0,1230.2493,976.750732421875
3875.0,4118.641,-243.64111328125
4148.0,4741.21,-593.2099609375
3897.0,4111.215,-214.21484375
3845.0,3834.3887,10.611328125
4109.0,3878.6692,230.330810546875
4345.0,4230.423,114.5771484375
4496.0,4418.3843,77.61572265625
4474.0,4498.265,-24.26513671875
4750.0,4416.1934,333.806640625
4750.0,4742.494,7.505859375
4767.0,4772.75,-5.75
4767.0,4694.1924,72.8076171875
4859.0,4591.921,267.0791015625
4859.0,4739.285,119.71484375
4564.0,4765.1772,-201.17724609375
4564.0,4387.6143,176.3857421875
3929.0,4375.9966,-446.99658203125
3929.0,3791.1592,137.8408203125
3016.0,3741.5469,-725.546875
2470.0,3038.3196,-568.319580078125
2554.0,2395.6318,158.3681640625
3724.9999999999995,2408.9333,1316.0666503906245
1684.0,2713.5205,-1029.5205078125
1092.0,969.45074,122.54925537109375
666.0,593.1644,72.8355712890625
487.0,506.32016,-19.320159912109375
349.0,404.4499,-55.44989013671875
339.0,448.45444,-109.45443725585938
601.0,551.7028,49.29718017578125
1006.0000000000001,888.55676,117.44323730468761
1216.0,1501.0862,-285.086181640625
1681.0,2114.2598,-433.259765625
2412.0,2414.8342,-2.834228515625
3188.0,3006.6572,181.3427734375
3715.9999999999995,3589.8357,126.16430664062455
4160.0,4015.9512,144.048828125
4197.0,4359.62,-162.6201171875
4003.0000000000005,4333.2344,-330.23437499999955
3831.0,4063.6716,-232.671630859375
4288.0,3846.6418,441.358154296875
4376.0,4244.3887,131.611328125
4514.0,4279.989,234.01123046875
3380.0,4477.1323,-1097.13232421875
2597.0,3088.9832,-491.983154296875
2271.0,2195.7307,75.269287109375
2352.0,2086.7678,265.232177734375
2680.0,1930.437,749.56298828125
1000.0000000000001,1692.0416,-692.0416259765624
711.0,527.67084,183.32916259765625
519.0,410.72836,108.27163696289062
303.0,381.44632,-78.44631958007812
285.0,314.88666,-29.88665771484375
457.0,676.1559,-219.1558837890625
808.0,1127.4725,-319.4725341796875
959.0,1284.4396,-325.4395751953125
1319.0,1616.5503,-297.55029296875
2384.0,2030.6069,353.39306640625
3504.0,2912.3843,591.61572265625
3404.0,3794.7878,-390.787841796875
3438.0,3978.105,-540.10498046875
3212.0,3741.7095,-529.70947265625
3410.0,3352.0452,57.954833984375
3635.0,3509.4846,125.515380859375
3802.0000000000005,3661.946,140.05395507812545
3513.0,3755.8171,-242.817138671875
3350.0,3399.4753,-49.475341796875
2995.0,3130.6265,-135.62646484375
2731.0,2646.9648,84.03515625
2483.0,2394.72,88.280029296875
2041.0,2148.241,-107.240966796875
1580.0,1627.0741,-47.0740966796875
1478.0,1118.3961,359.6038818359375
1408.0,1039.1962,368.8038330078125
930.9999999999999,1027.9462,-96.94616699218761
585.0,674.212,-89.21197509765625
381.0,390.45477,-9.45477294921875
434.0,282.90424,151.09576416015625
686.0,619.4375,66.5625
677.0,1181.6271,-504.6270751953125
811.0,917.96277,-106.9627685546875
1122.0,1369.1344,-247.1343994140625
1738.0,1445.9353,292.064697265625
2421.0,2084.712,336.2880859375
2908.0,2926.2842,-18.2841796875
2985.0,3473.8953,-488.895263671875
3214.0,3534.7341,-320.734130859375
3410.0,3490.7158,-80.7158203125
3290.0,3583.3052,-293.30517578125
3079.0,3408.856,-329.85595703125
2891.0,3104.396,-213.39599609375
2199.0,2773.2434,-574.243408203125
1738.0,1950.9348,-212.934814453125
1555.0,1393.2212,161.77880859375
1213.0,1096.8634,116.1365966796875
830.0,640.187,189.81298828125
477.0,407.42786,69.5721435546875
279.0,279.8639,-0.8638916015625
205.0,237.86276,-32.862762451171875
299.0,338.0476,-39.047607421875
729.0,904.10724,-175.10723876953125
2544.0,2304.8113,239.188720703125
4801.0,5185.3823,-384.38232421875
5696.0,5481.4004,214.599609375
4901.0,5131.9727,-230.97265625
4189.0,4231.5957,-42.595703125
4065.0,3974.7927,90.207275390625
4172.0,4288.9897,-116.98974609375
4448.0,4323.152,124.84814453125
4537.0,4583.0464,-46.04638671875
4698.0,4832.2583,-134.25830078125
5232.0,5160.7593,71.24072265625
5618.0,5792.2886,-174.28857421875
5618.0,5507.0674,110.9326171875
5178.0,5029.5957,148.404296875
5178.0,4143.4497,1034.55029296875
3625.0,4414.559,-789.55908203125
3625.0,3457.3752,167.624755859375
2669.0,3257.077,-588.076904296875
2669.0,2540.797,128.202880859375
2056.0,2497.638,-441.637939453125
2834.0,1878.6255,955.37451171875
2785.0,2222.177,562.822998046875
1118.0,2256.6768,-1138.6767578125
599.0,726.77924,-127.77923583984375
353.0,472.74817,-119.7481689453125
353.0,292.2074,60.7926025390625
283.0,879.5684,-596.5684204101562
358.0,620.49054,-262.49053955078125
811.0,538.1224,272.87762451171875
2739.0,1128.2086,1610.7913818359375
5225.0,4393.216,831.7841796875
6017.0,6079.052,-62.0517578125
5398.0,5736.8477,-338.84765625
5142.0,5033.5728,108.42724609375
4092.0,4915.5913,-823.59130859375
4328.0,4397.336,-69.3359375
4600.0,4638.3833,-38.38330078125
4591.0,4797.9297,-206.9296875
4983.0,4858.799,124.201171875
5589.0,5390.6016,198.3984375
6317.0,6077.549,239.451171875
5951.0,5806.633,144.3671875
4350.0,4522.4487,-172.44873046875
3144.0,3226.8782,-82.878173828125
2319.0,2836.842,-517.842041015625
2105.0,2251.4888,-146.48876953125
1517.0,1807.8661,-290.8660888671875
990.9999999999999,1142.3065,-151.3065185546876
529.0,609.5766,-80.57659912109375
343.0,399.10522,-56.105224609375
246.99999999999997,188.69377,58.306228637695284
325.0,291.1537,33.8463134765625
827.0,861.9323,-34.93231201171875
2757.0,3024.277,-267.277099609375
5323.0,5787.628,-464.6279296875
6420.0,6215.078,204.921875
4478.0,5891.7686,-1413.7685546875
4885.0,4339.527,545.47314453125
4259.0,4737.721,-478.72119140625
4446.0,4731.551,-285.55078125
4738.0,4715.132,22.8681640625
4656.0,4896.195,-240.19482421875
5094.0,5120.6553,-26.6552734375
5442.0,5766.3496,-324.349609375
6450.0,6048.0835,401.91650390625
5993.0,5915.267,77.73291015625
4377.0,4485.025,-108.02490234375
3071.0,3274.657,-203.656982421875
2646.0,2791.4468,-145.44677734375
3932.9999999999995,2521.2683,1411.7316894531245
2422.0,2812.5974,-390.597412109375
1185.0,1163.7488,21.251220703125
630.0,1061.1903,-431.1903076171875
379.0,362.71445,16.285552978515625
301.0,223.29953,77.70046997070312
335.0,400.51086,-65.5108642578125
813.0,654.96313,158.036865234375
2629.0,2802.1838,-173.183837890625
5002.0,5676.2764,-674.2763671875
5906.0,6108.237,-202.23681640625
4742.0,5567.1123,-825.1123046875
4704.0,4498.574,205.42578125
4279.0,4628.4546,-349.45458984375
4566.0,4679.2295,-113.2294921875
4989.0,4809.35,179.64990234375
4968.0,5163.6626,-195.66259765625
5315.0,5337.0513,-22.05126953125
5867.0,5807.6973,59.302734375
6504.0,6265.9795,238.0205078125
6185.0,5756.9907,428.00927734375
4611.0,4964.529,-353.52880859375
3652.0,3485.649,166.35107421875
2880.0,3174.965,-294.965087890625
2815.0,2699.8354,115.16455078125
2978.0,2486.993,491.007080078125
1805.0,2111.789,-306.7890625
1003.0000000000001,1367.21,-364.2099609374999
673.0,748.3312,-75.3311767578125
483.0,428.01474,54.985260009765625
319.0,353.8564,-34.856414794921875
383.0,314.52594,68.47406005859375
694.0,868.1201,-174.1201171875
1129.0,2098.2402,-969.240234375
1728.0,2358.4028,-630.40283203125
2487.0,2817.433,-330.43310546875
3046.0,3328.6633,-282.663330078125
3593.0,3723.706,-130.7060546875
4092.0,4016.2493,75.750732421875
4506.0,4369.8477,136.15234375
4501.0,4695.9434,-194.943359375
4857.0,4624.1724,232.82763671875
4519.0,4862.6885,-343.6884765625
4486.0,4632.551,-146.55078125
4536.0,4473.8164,62.18359375
3801.0000000000005,4407.783,-606.7832031249995
3174.0,3507.7644,-333.764404296875
2556.0,2900.3416,-344.341552734375
2463.0,2521.855,-58.85498046875
2801.0,2324.7456,476.25439453125
2089.0,2064.1067,24.893310546875
1053.0,1254.7583,-201.75830078125
648.0,633.9959,14.00408935546875
540.0,415.06573,124.93426513671875
313.0,359.1974,-46.1973876953125
260.0,312.5872,-52.587188720703125
442.0,500.80154,-58.801544189453125
769.0,887.447,-118.447021484375
1024.0,1023.4946,0.50537109375
1695.0,1569.2904,125.7095947265625
2516.0,2256.4636,259.536376953125
3256.0,3158.2239,97.776123046875
3670.0,3674.0994,-4.099365234375
4070.0,3949.2222,120.77783203125
4065.0,4216.1743,-151.17431640625
4409.0,4166.671,242.3291015625
4082.0,4445.263,-363.26318359375
4050.0,4138.586,-88.5859375
4099.0,3988.798,110.201904296875
3388.0,3967.046,-579.0458984375
2780.0,3069.1248,-289.124755859375
2261.0,2386.472,-125.471923828125
1800.0,1994.9517,-194.95166015625
1433.0,1388.8138,44.1861572265625
1073.0,893.1686,179.8314208984375
455.0,555.91,-100.90997314453125
289.0,316.50177,-27.50177001953125
220.0,194.55942,25.440582275390625
361.0,335.63797,25.362030029296875
820.0,1277.9209,-457.9208984375
2809.0,2442.7092,366.290771484375
5189.0,5607.5195,-418.51953125
6048.0,5711.451,336.548828125
5751.0,5459.786,291.2138671875
4728.0,4804.2544,-76.25439453125
4138.0,4183.3667,-45.36669921875
4324.0,4283.7534,40.24658203125
4512.0,4514.7046,-2.70458984375
4786.0,4570.8296,215.17041015625
4880.0,5014.231,-134.23095703125
5406.0,5268.424,137.576171875
6458.0,5963.1313,494.86865234375
5732.0,5988.9194,-256.91943359375
4446.0,4155.3457,290.654296875
2836.0,3338.5974,-502.597412109375
2416.0,2580.1387,-164.138671875
2076.0,2338.118,-262.117919921875
1481.0,1648.8126,-167.8126220703125
948.0000000000001,1111.4803,-163.4803466796874
560.0,568.8089,-8.80889892578125
342.0,405.07452,-63.07452392578125
239.0,192.94392,46.05607604980469
334.0,243.21632,90.78367614746094
832.0,870.00366,-38.003662109375
2972.0,3044.314,-72.31396484375
5674.0,5887.248,-213.248046875
6229.0,6308.66,-79.66015625
5965.0,5760.307,204.69287109375
5124.0,5078.5776,45.42236328125
4348.0,4593.5195,-245.51953125
4473.0,4593.7827,-120.78271484375
5034.0,4697.53,336.47021484375
4784.0,5031.9697,-247.9697265625
5065.0,5120.4434,-55.443359375
5589.0,5555.7544,33.24560546875
6559.0,6348.557,210.44287109375
6104.0,6146.507,-42.5068359375
4405.0,4516.7305,-111.73046875
3001.0,3300.6475,-299.6474609375
2604.0,2727.3674,-123.367431640625
2931.0,2476.3457,454.654296875
3488.0,2325.3914,1162.608642578125
1125.0,1595.7628,-470.7628173828125
583.0,710.2393,-127.23931884765625
327.0,402.6383,-75.6383056640625
270.0,238.55925,31.440750122070312
336.0,544.61993,-208.61993408203125
336.0,754.9937,-418.99371337890625
887.0,894.0459,-7.0458984375
887.0,2485.6416,-1598.6416015625
2944.0,3499.4575,-555.45751953125
2944.0,4210.6646,-1266.66455078125
5614.0,5309.45,304.5498046875
5614.0,5729.8853,-115.88525390625
6228.0,5904.8228,323.17724609375
6228.0,6164.476,63.52392578125
5842.0,5874.537,-32.537109375
5842.0,5571.071,270.92919921875
5145.0,5655.222,-510.22216796875
5145.0,5178.6167,-33.61669921875
4552.0,5098.086,-546.0859375
4552.0,4737.429,-185.42919921875
4623.0,4580.0376,42.96240234375
4911.0,4785.2993,125.70068359375
4926.0,5215.309,-289.30908203125
5315.0,5302.8564,12.1435546875
5315.0,5687.4365,-372.4365234375
5681.0,5638.7495,42.25048828125
5681.0,5999.7007,-318.70068359375
6602.0,5583.9053,1018.0947265625
6602.0,6625.2363,-23.236328125
6128.0,5715.3926,412.607421875
6128.0,5232.515,895.48486328125
4520.0,5379.5054,-859.50537109375
4520.0,4100.701,419.298828125
2986.0,3733.1213,-747.121337890625
2642.0,2992.4614,-350.46142578125
2642.0,2555.5762,86.423828125
2642.0,2213.2234,428.776611328125
2342.0,2311.347,30.653076171875
2342.0,2029.2896,312.71044921875
2342.0,2033.1227,308.8773193359375
1596.0,2091.4766,-495.4765625
1596.0,1356.7809,239.2191162109375
1596.0,1277.2277,318.7723388671875
1115.0,1408.676,-293.676025390625
1115.0,1149.194,-34.1939697265625
1115.0,963.3225,151.677490234375
568.0,1005.40283,-437.40283203125
568.0,631.53687,-63.536865234375
568.0,403.5077,164.4923095703125
352.0,408.7472,-56.7471923828125
352.0,296.10742,55.892578125
291.0,380.53058,-89.53057861328125
291.0,293.05322,-2.05322265625
291.0,446.67627,-155.67626953125
391.0,407.73022,-16.730224609375
391.0,743.5359,-352.535888671875
855.0,703.8573,151.1427001953125
855.0,1180.1165,-325.116455078125
855.0,1902.1427,-1047.1427001953125
2869.0,2333.2097,535.790283203125
2869.0,3181.5737,-312.57373046875
4869.0,4294.6035,574.396484375
4869.0,5164.484,-295.48388671875
4869.0,5224.0054,-355.00537109375
4601.0,5018.92,-417.919921875
4601.0,4669.188,-68.18798828125
4475.0,4704.3174,-229.3173828125
4475.0,4532.009,-57.0087890625
4021.0000000000005,4473.6543,-452.65429687499955
4021.0000000000005,3851.582,169.41796875000045
3559.0,3768.9165,-209.91650390625
3559.0,3271.6936,287.306396484375
3524.0,3390.537,133.462890625
3524.0,3298.0667,225.933349609375
3587.0,3257.5647,329.435302734375
3587.0,3359.723,227.277099609375
3293.0,3401.5251,-108.525146484375
3293.0,3102.5674,190.4326171875
3557.0,3109.4417,447.558349609375
3557.0,3343.0222,213.977783203125
4081.0,3343.0195,737.98046875
4081.0,3915.696,165.303955078125
4269.0,4014.239,254.760986328125
4178.0,4424.281,-246.28076171875
4178.0,4220.064,-42.06396484375
3130.0,4226.255,-1096.2548828125
2480.0,2886.8533,-406.853271484375
2251.0,2133.7622,117.23779296875
2081.0,1960.2422,120.7578125
1450.0,1603.5084,-153.5084228515625
949.0000000000001,997.29694,-48.296936035156136
566.0,544.2791,21.72088623046875
335.0,346.1506,-11.150604248046875
272.0,313.44815,-41.448150634765625
353.0,407.21066,-54.210662841796875
828.0,984.2716,-156.2716064453125
2728.0,2692.2637,35.736328125
4791.0,5331.8853,-540.88525390625
5517.0,5364.2554,152.74462890625
4240.0,5073.6597,-833.65966796875
4565.0,3747.8364,817.16357421875
3988.0000000000005,4444.2056,-456.20556640624955
4440.0,4203.226,236.77392578125
4958.0,4632.777,325.22314453125
4928.0,5074.4272,-146.42724609375
5078.0,5195.216,-117.2158203125
5560.0,5365.4443,194.5556640625
5841.0,5893.2676,-52.267578125
5779.0,5519.692,259.30810546875
4677.0,5100.8506,-423.8505859375
3348.0,3549.9756,-201.9755859375
2690.0,2943.01,-253.010009765625
2573.0,2620.8877,-47.8876953125
2440.0,2217.0667,222.933349609375
1654.0,1853.011,-199.010986328125
1032.0,1232.846,-200.845947265625
601.0,745.0085,-144.00848388671875
466.99999999999994,435.42822,31.571777343749943
361.0,324.49872,36.50128173828125
388.0,426.1339,-38.1339111328125
647.0,890.57477,-243.57476806640625
1175.0,1652.9984,-477.9984130859375
1720.0,1943.2776,-223.277587890625
2582.0,2607.3208,-25.32080078125
3473.0,3317.3535,155.646484375
3916.0,3937.0732,-21.0732421875
4155.0,4255.193,-100.19287109375
4379.0,4377.8604,1.1396484375
4595.0,4479.706,115.2939453125
4212.0,4648.1772,-436.17724609375
3940.9999999999995,4288.1587,-347.15869140625045
3601.0,3948.3474,-347.347412109375
3374.0,3432.418,-58.41796875
3141.0,2980.822,160.177978515625
3479.0,2778.2773,700.72265625
3429.0,2965.4507,463.54931640625
4055.0,2571.088,1483.912109375
2990.0,2797.3572,192.642822265625
1871.9999999999998,2181.6592,-309.6591796875002
1210.0,1212.4304,-2.430419921875
756.0,762.282,-6.281982421875
493.99999999999994,493.63065,0.36935424804681816
313.0,349.55338,-36.553375244140625
271.0,352.917,-81.9169921875
474.00000000000006,424.06323,49.93676757812506
735.0,694.7497,40.25030517578125
1296.0,1081.5142,214.48583984375
1880.0000000000002,1710.1359,169.86413574218773
2567.0,2609.457,-42.45703125
3338.0,3287.896,50.10400390625
3338.0,3787.5967,-449.5966796875
3771.0000000000005,3782.2852,-11.285156249999545
3771.0000000000005,3923.1426,-152.14257812499955
4175.0,3906.5525,268.447509765625
4175.0,4260.407,-85.4072265625
4567.0,4193.953,373.046875
4567.0,4614.789,-47.7890625
3873.0,4529.4663,-656.46630859375
3873.0,3656.498,216.501953125
3383.0,3565.8198,-182.81982421875
3383.0,3021.5693,361.4306640625
2769.0,3119.246,-350.24609375
2769.0,2408.4048,360.59521484375
2769.0,2351.1216,417.87841796875
2357.0,2101.0469,255.953125
2357.0,1724.9506,632.0494384765625
2357.0,1745.9376,611.0623779296875
1935.0,1799.3256,135.6744384765625
1935.0,1531.6245,403.37548828125
1800.0,1529.3881,270.6119384765625
1800.0,1509.4869,290.5130615234375
2218.0,1468.9963,749.003662109375
2218.0,1681.4232,536.5767822265625
2264.0,1757.3105,506.689453125
2264.0,1864.2145,399.7855224609375
2292.0,1945.9784,346.0216064453125
2292.0,2018.2194,273.7806396484375
2292.0,2046.8787,245.121337890625
979.0,2057.5986,-1078.5986328125
979.0,932.78656,46.21343994140625
600.0,709.1401,-109.14007568359375
600.0,405.60425,194.395751953125
600.0,424.39352,175.60647583007812
341.0,507.10825,-166.10824584960938
341.0,383.6697,-42.669708251953125
269.0,288.58557,-19.5855712890625
269.0,231.0483,37.95170593261719
347.0,322.5556,24.44439697265625
347.0,597.7773,-250.77728271484375
775.0,638.70026,136.29974365234375
775.0,1272.3298,-497.329833984375
775.0,1790.8474,-1015.847412109375
2183.0,2099.2852,83.71484375
2183.0,2162.2832,20.716796875
2183.0,3554.7087,-1371.708740234375
3637.0,4182.499,-545.4990234375
3637.0,3827.219,-190.218994140625
3651.0,3993.553,-342.552978515625
3651.0,3938.106,-287.10595703125
3651.0,3783.617,-132.616943359375
3231.0,3699.407,-468.406982421875
3231.0,3121.4321,109.56787109375
3410.0,3001.5232,408.476806640625
3410.0,3109.3943,300.605712890625
3307.0,3104.8567,202.143310546875
3307.0,3126.84,180.159912109375
3638.0,3214.253,423.7470703125
3638.0,3620.5447,17.455322265625
3969.9999999999995,3607.3027,362.69726562499955
3969.9999999999995,4093.7507,-123.75073242187545
4207.0,3950.2402,256.759765625
4207.0,4387.012,-180.01220703125
4440.0,4244.9688,195.03125
4414.0,4627.6797,-213.6796875
4414.0,4453.3784,-39.37841796875
4800.0,4440.266,359.73388671875
4800.0,4893.9707,-93.970703125
4437.0,4866.8013,-429.80126953125
3528.0,4379.8257,-851.82568359375
2611.0,3170.8767,-559.876708984375
2162.0,2355.0955,-193.095458984375
1976.9999999999998,1977.0245,-0.024536132812727374
1430.0,1562.6626,-132.66259765625
888.0,941.4178,-53.41778564453125
493.99999999999994,542.0221,-48.02209472656256
321.0,389.7326,-68.73260498046875
255.0,254.22903,0.770965576171875
354.0,357.7055,-3.70550537109375
872.0,1011.8711,-139.87109375
2836.0,2575.1711,260.828857421875
5254.0,5316.116,-62.1162109375
5568.0,5747.8354,-179.83544921875
5066.0,5117.697,-51.69677734375
5045.0,4479.3696,565.63037109375
5045.0,4632.2627,412.7373046875
4302.0,4915.859,-613.85888671875
4332.0,4486.7246,-154.724609375
4332.0,4322.3984,9.6015625
4602.0,4291.218,310.7822265625
4608.0,4789.521,-181.52099609375
4625.0,4951.1357,-326.1357421875
5424.0,5048.9746,375.025390625
6186.0,5846.285,339.71484375
5809.0,5819.982,-10.98193359375
4066.0,4645.9043,-579.904296875
2924.0,3084.2825,-160.282470703125
2574.0,2695.6272,-121.627197265625
2330.0,2391.4656,-61.465576171875
1522.0,1920.2869,-398.286865234375
977.0,1167.9397,-190.939697265625
491.0,651.6378,-160.6378173828125
303.0,388.39658,-85.39657592773438
245.0,181.04568,63.954315185546875
346.0,329.15698,16.843017578125
882.0,945.3444,-63.34442138671875
2856.0,3151.0183,-295.018310546875
5351.0,5813.8467,-462.8466796875
5684.0,6200.013,-516.01318359375
5345.0,5330.8447,14.1552734375
4847.0,4712.6323,134.36767578125
4412.0,4491.06,-79.06005859375
4497.0,4632.519,-135.51904296875
4653.0,4711.651,-58.65087890625
4917.0,4746.815,170.18505859375
5147.0,5207.037,-60.037109375
3271.0,5714.1177,-2443.11767578125
5287.0,3157.6885,2129.3115234375
5676.0,5307.56,368.43994140625
4207.0,5235.882,-1028.8818359375
3080.0,4219.7803,-1139.7802734375
2777.0,2605.9019,171.09814453125
2278.0,2166.3008,111.69921875
1706.0,1830.1705,-124.1705322265625
2597.0,1215.5039,1381.49609375
756.0,1425.7385,-669.738525390625
352.0,782.0763,-430.0762939453125
366.0,353.8167,12.18328857421875
883.0,490.51874,392.48126220703125
2952.0,2632.6816,319.318359375
5369.0,5173.352,195.64794921875
5848.0,6005.849,-157.84912109375
5751.0,5455.676,295.32421875
5143.0,5133.136,9.86376953125
4479.0,4656.1216,-177.12158203125
4706.0,4671.2744,34.7255859375
4872.0,4973.6597,-101.65966796875
4878.0,5062.492,-184.4921875
5056.0,5148.682,-92.68212890625
5834.0,5466.295,367.705078125
6527.0,6262.6274,264.37255859375
6039.0,5943.999,95.0009765625
4502.0,4512.5376,-10.53759765625
3289.0,3413.9844,-124.984375
3096.0,2986.968,109.031982421875
2753.0,2870.779,-117.779052734375
1797.0,2200.3013,-403.30126953125
1188.0,1354.0499,-166.0499267578125
589.0,767.4092,-178.4091796875
333.0,451.538,-118.53799438476562
283.0,135.00339,147.99661254882812
373.0,367.75305,5.2469482421875
886.0,979.4648,-93.46478271484375
2795.0,3122.1694,-327.16943359375
5340.0,5825.031,-485.03076171875
6309.0,6286.945,22.05517578125
5673.0,5826.617,-153.6171875
4948.0,4961.9062,-13.90625
4463.0,4639.2197,-176.2197265625
4936.0,4787.011,148.98876953125
5218.0,5136.5063,81.49365234375
5101.0,5281.636,-180.63623046875
5302.0,5471.0146,-169.0146484375
5810.0,5782.147,27.85302734375
6305.0,6412.0444,-107.04443359375
5657.0,6031.7563,-374.75634765625
4503.0,4460.6426,42.357421875
3516.0,3530.1665,-14.16650390625
3094.0,3122.4202,-28.420166015625
3370.0,2958.7327,411.267333984375
2819.0,2712.8623,106.1376953125
1892.0000000000002,1960.6494,-68.64941406249977
1179.0,1520.1763,-341.17626953125
759.0,758.18353,0.81646728515625
528.0,520.72925,7.270751953125
366.0,342.78946,23.210540771484375
399.0,348.68835,50.3116455078125
703.0,842.30176,-139.3017578125
703.0,1766.0385,-1063.0384521484375
703.0,1336.3237,-633.32373046875
1307.0,1576.992,-269.991943359375
1307.0,1586.4691,-279.4691162109375
1307.0,2197.9363,-890.936279296875
1888.0000000000002,2205.8813,-317.8813476562498
2838.0,2221.1829,616.817138671875
3381.0,3197.275,183.72509765625
4033.0,3724.4126,308.58740234375
4425.0,4292.3467,132.6533203125
4886.0,4683.9697,202.0302734375
4693.0,5040.9,-347.89990234375
4986.0,4699.223,286.77685546875
4811.0,4974.039,-163.0390625
4757.0,4709.92,47.080078125
4754.0,4631.262,122.73779296875
4530.0,4581.513,-51.51318359375
3900.0,4331.117,-431.1171875
3497.0,3625.622,-128.6220703125
3741.9999999999995,3263.697,478.30297851562455
3608.0,3489.1753,118.82470703125
3427.0,3054.3704,372.629638671875
1830.0,2843.293,-1013.29296875
1254.0,1073.5422,180.457763671875
788.0,644.3748,143.62518310546875
367.0,478.07434,-111.0743408203125
433.0,274.0363,158.96371459960938
582.0,607.0086,-25.00860595703125
1070.0,919.58417,150.41583251953125
1343.0,1596.1973,-253.197265625
2056.0,2154.796,-98.7958984375
2804.0,2691.2407,112.75927734375
3355.0,3407.385,-52.385009765625
3686.0,3778.6982,-92.6982421875
4247.0,3995.8381,251.161865234375
4403.0,4425.754,-22.75390625
4464.0,4547.048,-83.0478515625
4261.0,4539.705,-278.705078125
4236.0,4289.091,-53.0908203125
3791.0000000000005,4191.9844,-400.98437499999955
2398.0,3476.4097,-1078.40966796875
1992.0000000000002,2341.851,-349.8510742187498
2566.0,1626.0704,939.9295654296875
2433.0,2118.5234,314.4765625
1481.0,1548.2649,-67.264892578125
848.0,1021.3201,-173.32012939453125
486.0,501.11765,-15.117645263671875
337.0,370.53162,-33.5316162109375
254.0,249.58603,4.413970947265625
325.0,468.35455,-143.35455322265625
897.0,838.71735,58.28265380859375
2797.0,2324.3474,472.652587890625
2797.0,5181.418,-2384.41796875
5109.0,3803.8032,1305.19677734375
5109.0,5654.089,-545.0888671875
5250.0,4878.8257,371.17431640625
4429.0,5201.7246,-772.724609375
3794.0000000000005,4343.0845,-549.0844726562495
3351.0,3826.5344,-475.534423828125
3351.0,3281.0186,69.9814453125
3240.0,2972.0225,267.9775390625
3240.0,2870.4175,369.58251953125
3240.0,2939.4429,300.55712890625
3143.0,2955.1877,187.812255859375
3143.0,2796.5715,346.428466796875
3143.0,2806.142,336.85791015625
3066.0,2867.3281,198.671875
3066.0,2830.4294,235.570556640625
3066.0,2817.8752,248.124755859375
2846.0,2804.875,41.125
2846.0,2603.0962,242.90380859375
2132.0,2561.5244,-429.5244140625
2132.0,2001.3658,130.6341552734375
1488.0,1871.9714,-383.971435546875
1488.0,1352.8032,135.19677734375
1379.0,1179.0298,199.97021484375
1379.0,1073.4844,305.515625
1086.0,1058.377,27.623046875
1086.0,854.7612,231.23876953125
1086.0,821.69775,264.30224609375
1291.0,887.0487,403.9512939453125
1291.0,1154.2623,136.7376708984375
889.0,1334.5018,-445.5018310546875
889.0,1113.7086,-224.7086181640625
889.0,882.0876,6.91241455078125
1246.0,791.5971,454.40289306640625
1246.0,1133.5308,112.46923828125
1631.0,1433.0408,197.959228515625
1631.0,1951.2004,-320.200439453125
570.0,2051.949,-1481.948974609375
570.0,1154.6486,-584.6485595703125
446.0,555.1891,-109.1890869140625
245.0,325.25357,-80.25357055664062
211.0,249.63707,-38.63706970214844
282.0,670.73346,-388.73345947265625
705.0,725.4879,-20.4879150390625
2008.0000000000002,2146.7205,-138.72045898437477
3674.0,4122.303,-448.30322265625
3788.0000000000005,4768.7017,-980.7016601562495
3196.0,3869.2024,-673.202392578125
3337.0,3427.4438,-90.44384765625
3237.0,3536.1682,-299.168212890625
3299.0,3516.54,-217.5400390625
3506.0,3366.1147,139.88525390625
3670.0,3574.2153,95.78466796875
4001.0000000000005,3829.3564,171.64355468750045
4287.0,4273.4263,13.57373046875
5068.0,4581.176,486.82421875
4650.0,5222.423,-572.4228515625
3467.0,3936.258,-469.258056640625
2652.0,2565.7275,86.2724609375
2279.0,2397.146,-118.14599609375
2175.0,2055.4802,119.519775390625
1412.0,1769.3477,-357.34765625
979.0,1060.0751,-81.0750732421875
512.0,660.5785,-148.5784912109375
350.0,438.3899,-88.389892578125
235.00000000000003,228.43748,6.562515258789091
373.0,208.56902,164.4309844970703
893.0,1094.0477,-201.0477294921875
2915.0,2932.2778,-17.27783203125
5445.0,5604.223,-159.22314453125
5866.0,5963.6807,-97.6806640625
5625.0,5254.549,370.451171875
5153.0,4800.9126,352.08740234375
4359.0,4511.0674,-152.0673828125
4510.0,4408.0664,101.93359375
4704.0,4735.757,-31.7568359375
4672.0,4805.3657,-133.36572265625
4878.0,4856.2974,21.70263671875
5570.0,5244.428,325.57177734375
6395.0,6074.7476,320.25244140625
5836.0,6010.9927,-174.99267578125
4270.0,4392.107,-122.10693359375
3104.0,3231.2886,-127.28857421875
2720.0,2799.5537,-79.5537109375
2567.0,2527.5186,39.4814453125
2254.0,2072.1753,181.82470703125
1074.0,1529.0266,-455.026611328125
1074.0,812.9234,261.07659912109375
578.0,583.1777,-5.17767333984375
578.0,489.4562,88.54379272460938
345.0,470.81934,-125.8193359375
265.0,308.78848,-43.788482666015625
398.0,416.58295,-18.58294677734375
928.9999999999999,1093.5247,-164.5246582031251
2932.0,2760.005,171.9951171875
5498.0,5496.55,1.4501953125
5498.0,6043.8306,-545.83056640625
5702.0,5178.8823,523.11767578125
5702.0,5088.0674,613.9326171875
5616.0,5105.9688,510.03125
5616.0,5256.9526,359.04736328125
5177.0,5303.226,-126.22607421875
5177.0,5079.834,97.166015625
4525.0,5190.8633,-665.86328125
4525.0,4676.955,-151.955078125
4529.0,4481.2466,47.75341796875
4529.0,4604.764,-75.76416015625
4646.0,4669.115,-23.115234375
4646.0,4821.1465,-175.146484375
4866.0,4865.1147,0.88525390625
5152.0,5112.5703,39.4296875
5720.0,5555.1016,164.8984375
5720.0,6068.1143,-348.1142578125
6669.0,5463.1045,1205.8955078125
5883.0,6487.947,-604.94677734375
5883.0,4859.383,1023.6171875
4449.0,5074.2837,-625.28369140625
4449.0,3921.024,527.97607421875
4449.0,3643.375,805.625
3637.0,3561.429,75.571044921875
3637.0,3432.3052,204.69482421875
3637.0,3552.198,84.802001953125
3009.0,3537.7139,-528.7138671875
3009.0,2971.5195,37.48046875
2817.0,2906.9824,-89.982421875
2817.0,2657.828,159.172119140625
2817.0,2501.5974,315.402587890625
2047.0,2495.226,-448.22607421875
2047.0,1831.6438,215.356201171875
1216.0,1739.7744,-523.7744140625
1216.0,1212.9467,3.0533447265625
893.0,954.1521,-61.152099609375
893.0,756.1036,136.89642333984375
553.0,671.0219,-118.02191162109375
553.0,450.86505,102.13494873046875
421.0,420.58444,0.415557861328125
421.0,355.82083,65.17916870117188
480.0,431.49493,48.50506591796875
985.9999999999999,564.81396,421.1860351562499
2821.0,1401.6227,1419.3773193359375
5179.0,4210.221,968.77880859375
6059.0,5698.505,360.4951171875
5953.0,5792.1616,160.83837890625
4939.0,5431.8555,-492.85546875
4693.0,4643.897,49.10302734375
5029.0,4696.79,332.2099609375
5401.0,5139.892,261.10791015625
5380.0,5420.4004,-40.400390625
5464.0,5589.08,-125.080078125
5810.0,5761.077,48.9228515625
6561.0,6123.8105,437.189453125
5829.0,6184.8403,-355.84033203125
4811.0,4472.8936,338.1064453125
3638.0,3716.1052,-78.105224609375
3465.0,3224.3677,240.63232421875
3215.0,3299.6018,-84.601806640625
2637.0,2630.2979,6.7021484375
1841.0,2173.342,-332.342041015625
1121.0,1432.8763,-311.8763427734375
672.0,751.87427,-79.874267578125
476.0,478.40982,-2.409820556640625
373.0,323.36884,49.63116455078125
449.0,464.76184,-15.7618408203125
753.0,1083.4965,-330.4964599609375
1378.0,1923.7125,-545.7125244140625
2158.0,2440.7034,-282.703369140625
2848.0,3103.673,-255.673095703125
3629.0,3601.3367,27.663330078125
4325.0,4079.7546,245.245361328125
4896.0,4661.0703,234.9296875
5344.0,5102.66,241.33984375
5304.0,5354.416,-50.416015625
5132.0,5235.663,-103.6630859375
5407.0,5070.555,336.44482421875
5460.0,5192.652,267.34814453125
5182.0,5164.91,17.08984375
5052.0,4901.9004,150.099609375
4090.0,4774.82,-684.81982421875
3584.0,3875.172,-291.172119140625
3350.0,3445.0503,-95.05029296875
3070.0,3466.1904,-396.1904296875
2033.0,2959.748,-926.748046875
1260.0,1397.0891,-137.089111328125
791.0,659.6067,131.393310546875
653.0,476.77747,176.2225341796875
444.0,517.98175,-73.98175048828125
395.0,430.2645,-35.264495849609375
643.0,398.2228,244.77719116210938
1058.0,1165.9171,-107.9171142578125
1666.0,1652.9233,13.07666015625
2314.0,2416.429,-102.428955078125
3024.0,3101.887,-77.886962890625
3564.0,3589.8838,-25.8837890625
4065.0,3950.9487,114.05126953125
4506.0,4318.538,187.4619140625
4506.0,4671.806,-165.80615234375
4784.0,4633.2476,150.75244140625
4895.0,4819.85,75.14990234375
4801.0,4859.623,-58.623046875
4716.0,4725.6514,-9.6513671875
4535.0,4565.635,-30.634765625
3849.0,4291.431,-442.43115234375
3221.0,3511.4563,-290.456298828125
2554.0,3052.9993,-498.999267578125
2082.0,2603.9922,-521.9921875
1433.0,1862.1919,-429.19189453125
877.0,912.60535,-35.6053466796875
482.0,472.01364,9.986358642578125
335.0,346.36996,-11.369964599609375
230.0,244.96123,-14.961227416992188
353.0,341.0443,11.9556884765625
888.0,1119.67,-231.6700439453125
2837.0,2768.9353,68.064697265625
5488.0,5525.931,-37.93115234375
6362.0,6032.438,329.56201171875
5438.0,5777.755,-339.7548828125
4715.0,4723.923,-8.9228515625
4287.0,4435.0806,-148.08056640625
4409.0,4588.222,-179.22216796875
4725.0,4727.907,-2.9072265625
4578.0,4872.1387,-294.138671875
5030.0,4869.6196,160.38037109375
5527.0,5492.3105,34.689453125
6285.0,6164.2554,120.74462890625
6023.0,5847.932,175.06787109375
4286.0,4676.9756,-390.9755859375
3448.0,3165.2778,282.72216796875
2957.0,3011.6084,-54.6083984375
2657.0,2674.2815,-17.281494140625
1955.0,2217.4038,-262.40380859375
1185.0,1521.5922,-336.5921630859375
588.0,846.2391,-258.23907470703125
330.0,439.1217,-109.1217041015625
249.00000000000003,127.12461,121.87538909912112
371.0,289.7054,81.29458618164062
910.0,1005.82416,-95.82415771484375
2876.0,3219.1558,-343.15576171875
5585.0,5831.133,-246.1328125
6405.0,6324.8887,80.111328125
5489.0,5831.3545,-342.3544921875
4462.0,4828.181,-366.18115234375
4388.0,4372.597,15.40283203125
4432.0,4806.715,-374.71484375
4783.0,4586.698,196.3017578125
4801.0,4938.796,-137.7958984375
5195.0,5197.6606,-2.66064453125
5701.0,5743.5493,-42.54931640625
6838.0,6253.9414,584.05859375
5944.0,5872.1665,71.83349609375
4589.0,4135.3066,453.693359375
3090.0,3501.1597,-411.15966796875
2885.0,2832.7427,52.25732421875
2490.0,2723.4158,-233.415771484375
2261.0,2056.9136,204.08642578125
1430.0,1719.5085,-289.508544921875
628.0,948.12134,-320.121337890625
381.0,525.6143,-144.61431884765625
376.0,108.577545,267.4224548339844
376.0,600.8239,-224.82391357421875
376.0,820.3275,-444.3275146484375
982.0,844.9475,137.052490234375
982.0,2898.1348,-1916.134765625
2534.0,3425.992,-891.991943359375
2534.0,3636.126,-1102.1259765625
5081.0,4382.3394,698.66064453125
5675.0,5293.9224,381.07763671875
5155.0,6098.4673,-943.46728515625
5210.0,5344.028,-134.02783203125
4379.0,5219.775,-840.77490234375
4546.0,4454.613,91.38720703125
4885.0,4678.972,206.02783203125
5021.0,4896.4487,124.55126953125
5212.0,5054.557,157.44287109375
5941.0,5346.2837,594.71630859375
6818.0,5972.4355,845.564453125
6351.0,5866.7446,484.25537109375
4559.0,4676.9727,-117.97265625
3400.0,3530.6777,-130.677734375
2856.0,3091.009,-235.009033203125
2856.0,2641.7307,214.269287109375
2564.0,2439.438,124.56201171875
2564.0,1918.0004,645.9996337890625
1739.0,1475.9354,263.0645751953125
1739.0,1490.4333,248.566650390625
1402.0,1226.4866,175.513427734375
716.0,1163.5156,-447.515625
363.0,715.28986,-352.28985595703125
285.0,309.34244,-24.342437744140625
362.0,298.92993,63.070068359375
935.9999999999999,957.1044,-21.104370117187614
2861.0,2740.8108,120.189208984375
5410.0,5280.3584,129.6416015625
6303.0,6104.4414,198.55859375
5332.0,5796.3857,-464.3857421875
5000.0,4840.5664,159.43359375
4438.0,4755.312,-317.31201171875
4717.0,4681.5566,35.443359375
4843.0,4994.4165,-151.41650390625
5099.0,5026.442,72.55810546875
5402.0,5393.9976,8.00244140625
5961.0,5843.5366,117.46337890625
6636.0,6255.1626,380.83740234375
6375.0,5898.172,476.828125
4723.0,4868.675,-145.6748046875
3595.0,3472.659,122.341064453125
3133.0,3156.2375,-23.237548828125
2807.0,2892.0156,-85.015625
2165.0,2353.2856,-188.28564453125
1483.0,1794.1333,-311.13330078125
926.0,1071.8888,-145.8887939453125
521.0,651.04956,-130.049560546875
422.0,379.8218,42.178192138671875
439.0,323.42682,115.57318115234375
922.0,825.3138,96.68621826171875
2731.0,2896.587,-165.5869140625
5041.0,5546.7974,-505.79736328125
5843.0,6031.762,-188.76220703125
5149.0,5522.243,-373.2431640625
4963.0,4783.3193,179.6806640625
4379.0,4849.694,-470.69384765625
4932.0,4638.635,293.365234375
5104.0,5097.88,6.1201171875
5378.0,5194.4927,183.50732421875
5487.0,5573.6426,-86.642578125
6080.0,5822.5176,257.482421875
6646.0,6379.869,266.130859375
5891.0,5952.8906,-61.890625
4691.0,4490.0264,200.9736328125
3790.0000000000005,3692.3293,97.67065429687545
3216.0,3282.977,-66.97705078125
3818.0,3031.3843,786.61572265625
3788.0000000000005,3054.0103,733.9897460937505
2020.0,2148.1309,-128.130859375
1368.0,1754.7472,-386.7471923828125
926.0,738.19196,187.80804443359375
631.0,670.5421,-39.5421142578125
471.00000000000006,429.711,41.28900146484381
519.0,437.23285,81.76715087890625
783.0,913.675,-130.67498779296875
1320.0,1534.1873,-214.187255859375
1839.0,1970.8191,-131.819091796875
2552.0,2716.46,-164.4599609375
2552.0,3295.138,-743.137939453125
2552.0,3347.9065,-795.906494140625
3168.0,3096.1758,71.82421875
3168.0,3446.1216,-278.12158203125
3572.0,3394.9944,177.005615234375
3572.0,3737.94,-165.93994140625
3838.0,3701.2107,136.789306640625
3838.0,3944.4292,-106.42919921875
3924.0,3832.1987,91.80126953125
3924.0,4020.912,-96.912109375
3562.0,3953.9944,-391.994384765625
3562.0,3427.4087,134.59130859375
3572.0,3285.8213,286.1787109375
3572.0,3213.8867,358.11328125
3715.9999999999995,3245.3833,470.61669921874955
3715.9999999999995,3351.0952,364.90478515624955
3751.9999999999995,3425.839,326.16088867187455
3751.9999999999995,3629.216,122.78393554687455
3751.9999999999995,3688.7256,63.274414062499545
3652.0,3732.7876,-80.78759765625
3652.0,3626.7832,25.216796875
3763.0000000000005,3660.9705,102.02954101562545
3301.0,3808.0674,-507.0673828125
2632.0,3321.718,-689.718017578125
2454.0,2533.2363,-79.236328125
2454.0,2236.0168,217.983154296875
2892.0,2226.4558,665.544189453125
2892.0,2453.7402,438.259765625
2935.0,2456.8875,478.112548828125
2935.0,2628.6848,306.315185546875
2935.0,2686.7844,248.215576171875
1536.0,2712.323,-1176.322998046875
1536.0,1299.0111,236.9888916015625
1536.0,1205.8318,330.168212890625
985.9999999999999,1206.8561,-220.8560791015626
985.9999999999999,783.7606,202.2393798828124
985.9999999999999,748.19965,237.80035400390614
670.0,867.9861,-197.986083984375
520.0,747.9341,-227.93408203125
524.0,474.33762,49.662384033203125
648.0,395.06567,252.934326171875
1046.0,561.22375,484.7762451171875
1320.0,1253.3016,66.6983642578125
1856.9999999999998,1988.9995,-131.99951171875023
2449.0,2643.3948,-194.394775390625
3225.0,3039.4136,185.58642578125
3452.0,3678.2563,-226.25634765625
3734.9999999999995,3809.0842,-74.08422851562545
3801.0000000000005,4017.3914,-216.39135742187455
3686.0,3959.342,-273.342041015625
3508.0,3745.6821,-237.68212890625
3630.0,3460.1892,169.810791015625
2975.0,3518.0654,-543.0654296875
2052.0,2682.9043,-630.904296875
1720.0,1737.9688,-17.96875
1854.9999999999998,1381.7526,473.2474365234373
2438.0,1382.8268,1055.1732177734375
2382.0,1438.6475,943.3525390625
1321.0,1510.0983,-189.0982666015625
836.0,1005.79626,-169.7962646484375
505.0,524.35223,-19.35223388671875
411.0,376.62915,34.370849609375
429.0,384.0599,44.940093994140625
925.0,837.6838,87.31622314453125
2657.0,1883.1141,773.8858642578125
4846.0,4655.665,190.3349609375
6026.0,5276.6963,749.3037109375
6048.0,5657.409,390.5908203125
4893.0,5216.439,-323.43896484375
4124.0,4269.1895,-145.189453125
4470.0,4150.3135,319.6865234375
4450.0,4646.884,-196.8837890625
4303.0,4541.2593,-238.25927734375
4884.0,4439.2803,444.7197265625
5441.0,5218.521,222.47900390625
5441.0,5895.8467,-454.8466796875
6091.0,5544.896,546.10400390625
6091.0,5984.334,106.666015625
5912.0,5172.4014,739.5986328125
4263.0,4996.323,-733.3232421875
3098.0,3378.0483,-280.04833984375
2587.0,2769.3657,-182.36572265625
2136.0,2387.609,-251.60888671875
1459.0,1686.9398,-227.9398193359375
887.0,1095.544,-208.5439453125
467.99999999999994,560.83093,-92.83093261718756
334.0,388.67267,-54.67266845703125
237.00000000000003,343.16528,-106.16528320312497
339.0,474.5319,-135.53189086914062
850.0,1139.8752,-289.875244140625
2801.0,3039.6072,-238.607177734375
5434.0,5774.7627,-340.7626953125
6067.0,6177.846,-110.84619140625
5009.0,5628.0737,-619.07373046875
5190.0,4631.511,558.48876953125
4290.0,4949.9277,-659.927734375
4309.0,4688.116,-379.1162109375
4741.0,4553.2295,187.7705078125
4621.0,4845.68,-224.68017578125
4987.0,4943.1626,43.83740234375
5710.0,5529.622,180.3779296875
6770.0,6232.5273,537.47265625
6207.0,5809.547,397.453125
4612.0,4353.8335,258.16650390625
3217.0,3424.4163,-207.416259765625
2634.0,2939.1042,-305.104248046875
2407.0,2552.6655,-145.66552734375
1652.0,2133.9575,-481.95751953125
1120.0,1385.8008,-265.80078125
549.0,699.09186,-150.09185791015625
346.0,361.65256,-15.652557373046875
346.0,98.665306,247.3346939086914
259.0,528.89124,-269.8912353515625
259.0,539.68256,-280.68255615234375
337.0,645.7821,-308.7821044921875
337.0,1113.3612,-776.3612060546875
865.0,1373.1351,-508.1351318359375
865.0,2242.7834,-1377.783447265625
2776.0,2800.248,-24.248046875
2776.0,3399.7766,-623.776611328125
4899.0,4904.1025,-5.1025390625
4967.0,5269.651,-302.65087890625
4967.0,5295.1504,-328.150390625
4915.0,5193.414,-278.4140625
4915.0,5027.209,-112.208984375
5343.0,5019.3726,323.62744140625
5343.0,5339.9907,3.00927734375
4364.0,5193.7827,-829.78271484375
4466.0,4275.2734,190.7265625
4697.0,4272.141,424.85888671875
4833.0,4593.392,239.60791015625
5095.0,4874.7515,220.24853515625
5658.0,5363.012,294.98779296875
6531.0,5907.8184,623.181640625
6117.0,5939.195,177.80517578125
4394.0,4645.8335,-251.83349609375
3307.0,3354.0771,-47.0771484375
3037.0,2983.766,53.23388671875
2463.0,2654.3774,-191.37744140625
1653.0,2043.5841,-390.5841064453125
973.0,1479.1396,-506.1396484375
573.0,760.70514,-187.70513916015625
315.0,401.3293,-86.32931518554688
232.99999999999997,196.25226,36.74774169921872
340.0,249.08685,90.91314697265625
882.0,1080.1608,-198.1607666015625
2830.0,3177.1492,-347.149169921875
5449.0,5833.143,-384.14306640625
5954.0,6288.2744,-334.2744140625
5395.0,5592.811,-197.81103515625
5192.0,4775.1333,416.86669921875
5192.0,4822.4727,369.52734375
4477.0,5231.473,-754.47314453125
4477.0,4732.963,-255.962890625
4686.0,4519.8965,166.103515625
4896.0,4793.399,102.60107421875
4907.0,5281.7085,-374.70849609375
4988.0,5435.8906,-447.890625
5852.0,5547.946,304.05419921875
6883.0,6165.256,717.744140625
6278.0,5912.486,365.51416015625
4550.0,4572.745,-22.7451171875
3494.0,3444.815,49.18505859375
3094.0,3188.2856,-94.28564453125
3530.0,2816.6265,713.37353515625
3197.0,2913.193,283.806884765625
1305.0,2108.4084,-803.408447265625
1305.0,1067.5221,237.4779052734375
660.0,703.25696,-43.2569580078125
389.0,543.19037,-154.19036865234375
287.0,208.85439,78.14561462402344
340.0,310.52936,29.47064208984375
826.0,845.22534,-19.225341796875
2651.0,3159.0732,-508.0732421875
5319.0,5767.569,-448.56884765625
6499.0,6170.581,328.4189453125
5467.0,5974.122,-507.1220703125
4975.0,4981.819,-6.81884765625
4513.0,4778.697,-265.69677734375
4913.0,4911.396,1.60400390625
5335.0,5224.1704,110.82958984375
5340.0,5373.9565,-33.95654296875
5429.0,5574.401,-145.40087890625
5861.0,5791.162,69.837890625
6347.0,6240.239,106.76123046875
5833.0,6030.8,-197.7998046875
5021.0,4888.9697,132.0302734375
3804.0000000000005,3876.6392,-72.63916015624955
3095.0,3274.1492,-179.149169921875
3092.0,3056.8525,35.1474609375
2485.0,2787.4158,-302.415771484375
2126.0,1972.9448,153.05517578125
1102.0,1639.7908,-537.790771484375
603.0,813.083,-210.0830078125
438.0,404.05563,33.944366455078125
330.0,290.9986,39.00140380859375
389.0,498.65857,-109.6585693359375
688.0,1032.9315,-344.9315185546875
1164.0,1854.9268,-690.9267578125
1911.0,1971.7056,-60.70556640625
3115.0,2706.884,408.115966796875
3653.0,3834.9707,-181.970703125
4161.0,4245.4624,-84.46240234375
4514.0,4464.6226,49.37744140625
5237.0,4729.755,507.2451171875
4925.0,5262.687,-337.68701171875
5173.0,4969.2026,203.79736328125
5030.0,5057.5444,-27.54443359375
4841.0,4971.8506,-130.8505859375
4808.0,4784.1055,23.89453125
4803.0,4666.126,136.8740234375
4346.0,4555.129,-209.12890625
3448.0,3994.4172,-546.417236328125
3961.9999999999995,3363.8708,598.1291503906245
4180.0,3761.0234,418.9765625
2459.0,3252.4463,-793.4462890625
1367.0,1619.52,-252.52001953125
761.0,557.8642,203.13580322265625
488.0,408.1998,79.80020141601562
302.0,314.7082,-12.70819091796875
254.0,408.83597,-154.83596801757812
431.0,469.2839,-38.283905029296875
789.0,933.08466,-144.08465576171875
1607.0,1266.3699,340.630126953125
2817.0,2398.977,418.02294921875
3358.0,3834.1487,-476.148681640625
3869.0,4068.7737,-199.773681640625
4223.0,4078.54,144.4599609375
4950.0,4387.0474,562.95263671875
4637.0,4998.9688,-361.96875
4886.0,4720.7397,165.26025390625
4629.0,4831.2627,-202.2626953125
4678.0,4591.626,86.3740234375
4276.0,4569.1445,-293.14453125
3846.0,4075.1702,-229.170166015625
2903.0,3424.847,-521.846923828125
2435.0,2683.362,-248.362060546875
1902.0000000000002,2446.5852,-544.5852050781248
1372.0,1609.9309,-237.930908203125
865.0,883.0386,-18.03857421875
502.00000000000006,495.80255,6.197448730468807
286.0,364.58203,-78.58203125
230.0,152.37952,77.6204833984375
311.0,399.545,-88.54501342773438
809.0,931.7868,-122.78680419921875
2735.0,2500.0154,234.984619140625
5454.0,5464.496,-10.49609375
6107.0,6066.2754,40.724609375
5876.0,5543.554,332.44580078125
4941.0,5029.482,-88.48193359375
4307.0,4463.5093,-156.50927734375
4367.0,4497.1616,-130.16162109375
4545.0,4668.005,-123.0048828125
4561.0,4655.361,-94.36083984375
4998.0,4752.309,245.69091796875
5525.0,5399.5464,125.45361328125
6459.0,6092.1416,366.8583984375
5852.0,6025.1226,-173.12255859375
4245.0,4264.1846,-19.1845703125
3034.0,3207.8286,-173.82861328125
2498.0,2724.3984,-226.3984375
2055.0,2349.266,-294.26611328125
1440.0,1700.8882,-260.88818359375
933.9999999999999,1080.4863,-146.4863281250001
498.00000000000006,569.8596,-71.85961914062494
300.0,368.79236,-68.7923583984375
225.0,124.54516,100.45484161376953
368.0,285.18832,82.81167602539062
885.0,1109.685,-224.68505859375
2885.0,3215.352,-330.35205078125
5675.0,5882.8623,-207.8623046875
6585.0,6357.2334,227.7666015625
5915.0,5961.201,-46.201171875
5060.0,5008.2017,51.79833984375
4423.0,4555.723,-132.72314453125
4722.0,4696.3027,25.697265625
4825.0,4977.972,-152.97216796875
4762.0,4921.0596,-159.0595703125
5007.0,5142.555,-135.55517578125
5647.0,5546.815,100.18505859375
6587.0,6349.2856,237.71435546875
6308.0,6053.912,254.087890625
4917.0,4659.0747,257.92529296875
3424.0,3511.9285,-87.928466796875
2979.0,3055.5833,-76.583251953125
3680.0,2836.7998,843.2001953125
2908.0,2846.0837,61.916259765625
1107.0,1754.6189,-647.618896484375
597.0,891.94244,-294.94244384765625
345.0,324.79993,20.2000732421875
283.0,232.02933,50.970672607421875
348.0,455.0901,-107.090087890625
348.0,714.1056,-366.1055908203125
882.0,888.3752,-6.37518310546875
882.0,2784.1387,-1902.138671875
2837.0,3632.6204,-795.620361328125
2837.0,4257.6855,-1420.685546875
5402.0,5225.2363,176.763671875
5826.0,5553.2393,272.7607421875
5826.0,6145.358,-319.35791015625
5572.0,5849.6562,-277.65625
5194.0,5452.034,-258.0341796875
4766.0,5144.3057,-378.3056640625
4842.0,4940.4453,-98.4453125
4975.0,4967.61,7.39013671875
5027.0,5022.019,4.98095703125
5221.0,5217.439,3.56103515625
5696.0,5618.0024,77.99755859375
6660.0,6093.1123,566.8876953125
6154.0,6218.9634,-64.96337890625
4607.0,4746.235,-139.23486328125
3268.0,3519.7827,-251.78271484375
2775.0,2905.6294,-130.62939453125
2493.0,2632.5654,-139.5654296875
1772.0,2063.3855,-291.385498046875
1122.0,1425.5234,-303.5234375
639.0,751.1149,-112.11492919921875
353.0,471.86264,-118.86264038085938
253.0,238.22362,14.776382446289062
353.0,227.67769,125.32231140136719
889.0,936.9249,-47.9249267578125
2862.0,3222.7925,-360.79248046875
5454.0,5903.917,-449.9169921875
6174.0,6329.3174,-155.3173828125
5488.0,5714.8423,-226.84228515625
5630.0,4828.6577,801.34228515625
4508.0,5027.5864,-519.58642578125
4644.0,4662.81,-18.81005859375
5034.0,4882.1826,151.8173828125
4960.0,5034.445,-74.44482421875
5248.0,5166.1396,81.8603515625
5844.0,5722.705,121.294921875
6807.0,6476.2764,330.7236328125
6262.0,6200.7207,61.279296875
4982.0,4559.0054,422.99462890625
3463.0,3715.7961,-252.796142578125
3144.0,3145.764,-1.763916015625
3916.0,2974.9607,941.039306640625
2674.0,2937.8967,-263.896728515625
1179.0,1766.6105,-587.6104736328125
1179.0,964.86334,214.13665771484375
674.0,627.9082,46.091796875
387.0,553.3092,-166.3092041015625
273.0,241.21378,31.786224365234375
369.0,266.38434,102.61566162109375
831.0,1044.1705,-213.1705322265625
2676.0,3129.2063,-453.206298828125
5122.0,5661.5737,-539.57373046875
6444.0,6093.1284,350.87158203125
5589.0,5968.7383,-379.73828125
4764.0,5042.5513,-278.55126953125
4646.0,4646.011,-0.01123046875
4947.0,4992.311,-45.31103515625
5337.0,5216.6,120.39990234375
5333.0,5412.059,-79.05908203125
5224.0,5567.336,-343.3359375
5921.0,5550.093,370.9072265625
6371.0,6261.72,109.27978515625
5731.0,5990.1577,-259.15771484375
4896.0,4627.3804,268.61962890625
3687.0,3788.9402,-101.940185546875
3027.0,3252.3113,-225.311279296875
2903.0,2985.3352,-82.335205078125
2591.0,2587.614,3.385986328125
1725.0,1997.2566,-272.256591796875
1068.0,1298.9668,-230.966796875
661.0,705.96875,-44.96875
538.0,463.08542,74.91458129882812
352.0,396.7244,-44.724395751953125
386.0,344.8874,41.11260986328125
627.0,832.1689,-205.16888427734375
1226.0,1640.3973,-414.3973388671875
1831.0,2310.316,-479.31591796875
2826.0,2853.9763,-27.976318359375
2826.0,3529.7808,-703.78076171875
3514.0,3629.1462,-115.146240234375
3514.0,3839.3367,-325.336669921875
3976.9999999999995,3860.9136,116.08642578124955
4526.0,4154.1904,371.8095703125
4933.0,4587.8057,345.1943359375
4792.0,4898.0425,-106.04248046875
4881.0,4856.0654,24.9345703125
4912.0,4837.542,74.4580078125
5935.0,4809.996,1125.00390625
4550.0,5419.317,-869.31689453125
4284.0,4269.7417,14.25830078125
3489.0,3821.709,-332.708984375
2947.0,3303.8694,-356.869384765625
3089.0,3080.5352,8.46484375
2945.0,3026.7786,-81.778564453125
1857.9999999999998,2318.5396,-460.5395507812502
1169.0,1206.1516,-37.151611328125
733.0,655.5406,77.45941162109375
593.0,500.91956,92.0804443359375
302.0,433.05264,-131.05264282226562
284.0,249.01639,34.983612060546875
444.0,482.8958,-38.89581298828125
742.0,905.2953,-163.2952880859375
1210.0,1097.2832,112.716796875
1889.0000000000002,1718.2827,170.71728515625023
2567.0,2692.0466,-125.046630859375
3505.0,3319.261,185.739013671875
3826.0,3867.7278,-41.727783203125
4279.0,4120.376,158.6240234375
4388.0,4430.204,-42.2041015625
4263.0,4506.659,-243.6591796875
4343.0,4358.382,-15.3818359375
4424.0,4394.809,29.19091796875
4136.0,4385.6807,-249.6806640625
3587.0,3986.626,-399.6259765625
3038.0,3213.025,-175.02490234375
2522.0,2663.1687,-141.168701171875
2044.0,2340.2605,-296.260498046875
1637.0,1715.1913,-78.1912841796875
1152.0,1120.716,31.2840576171875
623.0,637.5266,-14.526611328125
360.0,395.6503,-35.650299072265625
281.0,242.52551,38.4744873046875
340.0,302.79944,37.2005615234375
781.0,929.61554,-148.61553955078125
2432.0,2363.0142,68.98583984375
4228.0,5112.4697,-884.4697265625
4740.0,4972.1484,-232.1484375
3905.0,4398.7065,-493.70654296875
3344.0,3520.9263,-176.92626953125
3344.0,3383.0215,-39.021484375
3344.0,3412.5608,-68.560791015625
3344.0,3182.6846,161.3154296875
3226.0,3043.1118,182.88818359375
3226.0,2894.6594,331.340576171875
3239.0,2914.3381,324.661865234375
3239.0,2989.4028,249.59716796875
3484.0,3078.1714,405.82861328125
3484.0,3326.717,157.282958984375
3450.0,3299.7732,150.226806640625
3450.0,3283.4546,166.54541015625
3490.0,3298.9888,191.01123046875
3490.0,3362.519,127.48095703125
3490.0,3389.5747,100.42529296875
3426.0,3424.6868,1.313232421875
3426.0,3396.0583,29.941650390625
3682.0,3414.2974,267.70263671875
3682.0,3713.9324,-31.932373046875
3585.0,3738.4746,-153.474609375
3585.0,3615.7573,-30.75732421875
2659.0,3586.443,-927.443115234375
2659.0,2424.8037,234.1962890625
2087.0,2382.5906,-295.590576171875
2087.0,1894.2766,192.723388671875
1821.0,1810.5548,10.4451904296875
1821.0,1576.8542,244.145751953125
1593.0,1550.3243,42.6756591796875
1593.0,1417.3624,175.6375732421875
1354.0,1355.0476,-1.047607421875
1354.0,1172.5686,181.431396484375
817.0,1119.1616,-302.16162109375
434.0,707.9151,-273.91510009765625
434.0,306.37604,127.62396240234375
269.0,307.40848,-38.408477783203125
233.99999999999997,201.05757,32.94242858886716
342.0,279.0256,62.974395751953125
342.0,450.1519,-108.15188598632812
825.0,538.3787,286.62127685546875
825.0,993.9849,-168.98492431640625
2690.0,1551.3049,1138.695068359375
2690.0,3748.3281,-1058.328125
4705.0,4623.3027,81.697265625
4705.0,4953.903,-248.90283203125
4844.0,4965.6895,-121.689453125
4844.0,4972.5806,-128.58056640625
4738.0,4912.5693,-174.5693359375
4707.0,4814.4995,-107.49951171875
4707.0,4769.3633,-62.36328125
4062.0,4759.4507,-697.45068359375
4062.0,3934.3362,127.663818359375
4062.0,3709.4521,352.5478515625
4058.0,3779.64,278.360107421875
4058.0,3807.2483,250.751708984375
4407.0,3851.2593,555.74072265625
4439.0,4392.333,46.6669921875
4786.0,4617.3657,168.63427734375
5620.0,5135.1577,484.84228515625
6471.0,5790.738,680.26220703125
5888.0,5603.7515,284.24853515625
4226.0,4293.64,-67.64013671875
3012.0,3260.0408,-248.040771484375
2601.0,2860.4617,-259.461669921875
2591.0,2231.8096,359.1904296875
1592.0,2062.6677,-470.667724609375
965.0,1271.0494,-306.0494384765625
516.0,663.65656,-147.65655517578125
359.0,354.4027,4.5972900390625
237.00000000000003,358.77435,-121.77435302734372
354.0,377.13916,-23.13916015625
886.0,1283.068,-397.0679931640625
2858.0,3123.1155,-265.115478515625
5569.0,5929.603,-360.60302734375
6045.0,6205.118,-160.1181640625
5638.0,5567.6133,70.38671875
5062.0,4915.607,146.39306640625
4553.0,4633.8315,-80.83154296875
4837.0,4780.8022,56.19775390625
5091.0,5066.0728,24.92724609375
4632.0,5196.149,-564.14892578125
5130.0,4961.6606,168.33935546875
5364.0,5592.42,-228.419921875
6795.0,6189.2266,605.7734375
6282.0,6084.2227,197.77734375
4583.0,4575.2007,7.79931640625
3356.0,3441.445,-85.445068359375
2959.0,3019.4692,-60.46923828125
2471.0,2794.8418,-323.841796875
1749.0,2070.9214,-321.92138671875
1029.0,1394.4883,-365.48828125
528.0,667.052,-139.052001953125
338.0,345.2094,-7.20941162109375
245.0,155.04938,89.95062255859375
339.0,298.49265,40.507354736328125
853.0,801.4665,51.53350830078125
2854.0,3055.4014,-201.4013671875
5466.0,5984.1953,-518.1953125
6559.0,6447.9185,111.08154296875
5837.0,6057.307,-220.30712890625
5428.0,5004.26,423.740234375
4827.0,4771.376,55.6240234375
5108.0,4946.1265,161.87353515625
4980.0,5316.09,-336.08984375
5174.0,5127.3384,46.66162109375
5353.0,5423.432,-70.43212890625
6263.0,5844.4946,418.50537109375
6902.0,6604.6694,297.33056640625
5900.0,6013.811,-113.81103515625
4514.0,4162.3315,351.66845703125
3048.0,3677.713,-629.712890625
2736.0,2890.5918,-154.591796875
2736.0,2638.5479,97.4521484375
2247.0,2276.8757,-29.875732421875
2247.0,1555.6034,691.3966064453125
1905.0,1346.1915,558.8084716796875
1905.0,1401.5542,503.44580078125
1372.0,1356.0553,15.9447021484375
1372.0,1127.8354,244.16455078125
1372.0,1035.6345,336.365478515625
632.0,1106.1665,-474.16650390625
632.0,771.96783,-139.96783447265625
632.0,484.0399,147.96011352539062
390.0,491.3006,-101.30059814453125
390.0,357.1753,32.82470703125
390.0,454.64127,-64.64126586914062
309.0,467.29153,-158.29153442382812
309.0,429.7518,-120.75180053710938
368.0,391.10123,-23.101226806640625
368.0,546.6158,-178.61578369140625
830.0,621.8513,208.148681640625
830.0,2112.2524,-1282.25244140625
2451.0,1863.8237,587.17626953125
2451.0,3097.612,-646.612060546875
4627.0,4227.2383,399.76171875
4627.0,4893.7847,-266.78466796875
5240.0,4977.0024,262.99755859375
5240.0,5450.115,-210.115234375
4595.0,5340.575,-745.5751953125
4413.0,4639.822,-226.82177734375
4140.0,4473.046,-333.0458984375
4183.0,4200.9346,-17.9345703125
4732.0,4124.905,607.09521484375
4786.0,4653.6587,132.34130859375
5131.0,4886.027,244.97314453125
5631.0,5442.0054,188.99462890625
6368.0,5775.246,592.75390625
5681.0,5823.4023,-142.40234375
4876.0,4310.3267,565.67333984375
3750.9999999999995,3725.743,25.257080078124545
3124.0,3303.0427,-179.042724609375
3015.0,2836.8677,178.13232421875
2528.0,2594.1765,-66.176513671875
2105.0,2156.0608,-51.060791015625
2105.0,1831.0095,273.990478515625
1043.0,1706.0201,-663.0201416015625
1043.0,988.54517,54.454833984375
712.0,584.719,127.281005859375
712.0,586.3054,125.694580078125
490.0,652.7174,-162.7174072265625
490.0,488.95602,1.043975830078125
490.0,595.1079,-105.10791015625
425.0,566.4867,-141.4866943359375
425.0,531.64197,-106.6419677734375
425.0,575.92694,-150.92694091796875
404.0,591.3239,-187.32391357421875
404.0,604.9723,-200.9722900390625
676.0,604.94226,71.0577392578125
676.0,1388.3245,-712.324462890625
676.0,1071.5306,-395.5306396484375
1119.0,1226.2231,-107.22314453125
1119.0,1337.9159,-218.9158935546875
1119.0,1462.7169,-343.7169189453125
1836.0,1702.2152,133.7847900390625
1836.0,2039.0632,-203.063232421875
1836.0,2347.6265,-511.62646484375
1836.0,2399.4717,-563.4716796875
3018.0,2201.935,816.06494140625
3018.0,3161.0923,-143.09228515625
3018.0,3136.7861,-118.7861328125
3018.0,3359.0386,-341.03857421875
3752.9999999999995,3152.6204,600.3796386718745
3752.9999999999995,3864.4304,-111.43041992187545
3752.9999999999995,3830.864,-77.86401367187545
4373.0,3993.7014,379.298583984375
4373.0,4637.2905,-264.29052734375
4487.0,4589.5522,-102.55224609375
4938.0,4757.9624,180.03759765625
4938.0,5097.356,-159.35595703125
4744.0,5009.516,-265.51611328125
4744.0,4727.8325,16.16748046875
4831.0,4630.3174,200.6826171875
3660.0,4694.426,-1034.42578125
3660.0,3643.0579,16.942138671875
3660.0,3356.5662,303.433837890625
3247.0,3333.3704,-86.370361328125
3247.0,2982.95,264.050048828125
2709.0,2849.0264,-140.0263671875
2709.0,2199.1838,509.816162109375
2677.0,2176.466,500.533935546875
2677.0,2207.4814,469.5185546875
2338.0,2178.1865,159.8134765625
2338.0,1993.5822,344.4178466796875
2338.0,1949.4949,388.505126953125
1520.0,1930.9512,-410.951171875
1520.0,1371.6083,148.3917236328125
1686.0,1205.7919,480.2081298828125
1686.0,1317.0304,368.9696044921875
1686.0,1349.9568,336.043212890625
1786.0,1425.4913,360.5086669921875
1786.0,1547.7678,238.232177734375
1162.0,1601.2885,-439.2884521484375
1162.0,1114.7119,47.2880859375
779.0,908.4607,-129.460693359375
779.0,539.9788,239.02117919921875
510.0,521.0853,-11.0853271484375
510.0,369.87158,140.12841796875
381.0,424.85764,-43.857635498046875
381.0,333.27332,47.7266845703125
381.0,343.89377,37.106231689453125
254.0,372.55826,-118.55825805664062
254.0,300.2949,-46.294891357421875
254.0,345.6527,-91.6527099609375
251.00000000000003,318.3181,-67.31811523437497
407.0,373.34296,33.65704345703125
723.0,670.3878,52.6121826171875
947.0000000000001,1303.536,-356.5360107421874
1343.0,1825.7666,-482.7666015625
2014.0000000000002,2497.5125,-483.5124511718748
2598.0,2418.8547,179.145263671875
3073.0,3262.176,-189.176025390625
3718.9999999999995,3866.6929,-147.69287109375045
3840.0,4104.561,-264.56103515625
3865.0,4042.022,-177.02197265625
3973.9999999999995,3981.6992,-7.699218750000455
4262.0,4035.5596,226.4404296875
4131.0,4294.8716,-163.87158203125
3759.0000000000005,4129.302,-370.30175781249955
2950.0,3597.2651,-647.26513671875
2604.0,2397.1206,206.87939453125
2507.0,2038.5499,468.4500732421875
3097.0,1948.2626,1148.7374267578125
1239.0,2369.089,-1130.089111328125
517.0,742.32446,-225.324462890625
348.0,154.96509,193.034912109375
267.0,434.79263,-167.79263305664062
336.0,448.8943,-112.894287109375
902.0,1193.3805,-291.3804931640625
2665.0,2892.801,-227.801025390625
5186.0,5171.107,14.89306640625
6034.0,5784.843,249.1572265625
5602.0,5419.8867,182.11328125
5033.0,4710.378,322.6220703125
4472.0,4389.314,82.68603515625
4371.0,4463.3457,-92.345703125
4532.0,4585.4985,-53.49853515625
4602.0,4592.842,9.158203125
4875.0,4744.828,130.171875
5389.0,5209.5674,179.4326171875
6370.0,5898.7583,471.24169921875
5920.0,6052.8223,-132.822265625
4442.0,4496.0083,-54.00830078125
3086.0,3282.6792,-196.67919921875
2642.0,2788.1724,-146.17236328125
2197.0,2514.7102,-317.710205078125
1528.0,1816.5778,-288.5777587890625
1008.0,1181.7709,-173.7708740234375
529.0,618.73303,-89.7330322265625
329.0,395.83353,-66.83352661132812
255.0,163.71957,91.28042602539062
370.0,308.19714,61.8028564453125
878.0,1015.7214,-137.72137451171875
878.0,3113.455,-2235.455078125
2884.0,3235.4355,-351.435546875
2884.0,4413.7285,-1529.728515625
2884.0,4448.105,-1564.10498046875
5418.0,3821.7324,1596.267578125
5418.0,5460.4956,-42.49560546875
6318.0,5814.1753,503.82470703125
6318.0,6370.836,-52.8359375
5876.0,5960.976,-84.97607421875
5876.0,5605.6016,270.3984375
5093.0,5642.452,-549.4521484375
5093.0,5190.9053,-97.9052734375
5093.0,5068.6685,24.33154296875
4349.0,5141.573,-792.5732421875
4349.0,4589.5264,-240.5263671875
4607.0,4405.951,201.048828125
4901.0,4694.186,206.81396484375
4912.0,5007.569,-95.56884765625
5221.0,5208.336,12.6640625
5755.0,5593.665,161.3349609375
6445.0,6086.0938,358.90625
6202.0,6081.3843,120.61572265625
4430.0,4911.6616,-481.66162109375
3376.0,3424.4067,-48.40673828125
2891.0,3125.9905,-234.990478515625
3376.0,2668.3457,707.654296875
3003.0,2822.0195,180.98046875
1151.0,2241.4287,-1090.4287109375
602.0,859.92236,-257.92236328125
340.0,356.9583,-16.95831298828125
294.0,318.17566,-24.1756591796875
378.0,494.80127,-116.80126953125
887.0,924.0189,-37.0189208984375
2873.0,3023.8428,-150.8427734375
5649.0,5772.2217,-123.2216796875
6351.0,6398.205,-47.205078125
6007.0,5874.772,132.22802734375
5230.0,5225.78,4.22021484375
4561.0,4798.0205,-237.0205078125
4860.0,4858.5933,1.40673828125
4936.0,5121.423,-185.4228515625
5036.0,5043.548,-7.5478515625
5255.0,5331.893,-76.89306640625
5729.0,5711.0474,17.95263671875
6563.0,6307.7686,255.2314453125
6316.0,6279.358,36.64208984375
4877.0,4949.4365,-72.4365234375
3267.0,3597.1926,-330.192626953125
2939.0,2937.0813,1.918701171875
2629.0,2811.9075,-182.907470703125
1780.0,2112.7444,-332.744384765625
1102.0,1416.6562,-314.65625
600.0,715.7353,-115.73529052734375
369.0,419.9379,-50.937896728515625
283.0,212.86572,70.13427734375
385.0,337.75818,47.2418212890625
919.0,969.1179,-50.117919921875
2872.0,3213.1516,-341.151611328125
5703.0,5887.653,-184.65283203125
6275.0,6485.997,-210.9970703125
5728.0,5826.2476,-98.24755859375
5419.0,5022.5347,396.46533203125
4555.0,4924.462,-369.4619140625
4875.0,4816.35,58.64990234375
5080.0,5128.8477,-48.84765625
5210.0,5145.7046,64.29541015625
5328.0,5471.9644,-143.96435546875
5952.0,5836.7427,115.25732421875
6565.0,6530.777,34.22314453125
6236.0,6208.785,27.21484375
4800.0,4872.903,-72.90283203125
3708.9999999999995,3623.9028,85.09716796874955
3169.0,3237.23,-68.22998046875
2981.0,2999.3022,-18.30224609375
2166.0,2525.4243,-359.42431640625
1266.0,1731.8066,-465.806640625
644.0,891.2339,-247.23388671875
416.0,457.53616,-41.536163330078125
295.0,268.41534,26.58465576171875
364.0,307.25012,56.7498779296875
846.0,865.54333,-19.5433349609375
846.0,2987.1912,-2141.191162109375
2670.0,2818.6155,-148.615478515625
2670.0,3988.2751,-1318.275146484375
5165.0,4437.3267,727.67333984375
5165.0,5431.6235,-266.62353515625
6497.0,5643.437,853.56298828125
5636.0,6446.7583,-810.75830078125
4945.0,5482.3633,-537.36328125
4858.0,5004.1675,-146.16748046875
5171.0,4956.844,214.15576171875
5391.0,5149.8477,241.15234375
5390.0,5269.835,120.1650390625
5692.0,5392.1133,299.88671875
6057.0,5880.71,176.2900390625
6730.0,6164.947,565.05322265625
6070.0,6137.4136,-67.41357421875
4954.0,4725.6626,228.33740234375
3996.0000000000005,3881.008,114.99194335937545
3551.0,3506.7139,44.2861328125
3238.0,3322.7173,-84.71728515625
2453.0,2853.1995,-400.199462890625
1798.0,2167.8694,-369.869384765625
1516.0,1451.9434,64.056640625
751.0,1141.198,-390.197998046875
496.99999999999994,618.4527,-121.4526977539063
365.0,370.41177,-5.411773681640625
457.0,357.77423,99.22576904296875
686.0,1253.0181,-567.01806640625
1174.0,1890.3605,-716.3604736328125
2050.0,2016.009,33.990966796875
3029.0,2919.2576,109.742431640625
3911.0,3862.0403,48.959716796875
4598.0,4405.2725,192.7275390625
4766.0,4942.418,-176.41796875
5023.0,4996.6074,26.392578125
5240.0,5055.6255,184.37451171875
5040.0,5153.627,-113.626953125
4945.0,4974.871,-29.87109375
4855.0,4865.9443,-10.9443359375
4837.0,4758.878,78.1220703125
4396.0,4656.2246,-260.224609375
3817.0,4098.157,-281.1572265625
3169.0,3517.5671,-348.567138671875
3632.0,3259.1099,372.89013671875
3148.0,3517.9355,-369.935546875
1934.0,2366.873,-432.873046875
1216.0,1242.0162,-26.0162353515625
756.0,703.0118,52.98822021484375
543.0,473.6459,69.35409545898438
351.0,411.36487,-60.3648681640625
299.0,375.37875,-76.37875366210938
299.0,386.9086,-87.90859985351562
431.0,450.49362,-19.493621826171875
733.0,628.61786,104.38214111328125
733.0,996.6772,-263.67718505859375
733.0,1560.2577,-827.2576904296875
1149.0,1679.8322,-530.8321533203125
1149.0,1244.5789,-95.578857421875
1840.0,1642.9734,197.026611328125
1840.0,2180.808,-340.80810546875
1840.0,2537.4983,-697.498291015625
2434.0,2469.663,-35.6630859375
3193.0,2670.4678,522.5322265625
3193.0,3363.5771,-170.5771484375
3594.0,3498.1157,95.88427734375
3594.0,3933.6487,-339.648681640625
4241.0,3857.6768,383.3232421875
4241.0,4479.364,-238.36376953125
4328.0,4388.3687,-60.36865234375
4341.0,4522.882,-181.8818359375
4226.0,4449.8613,-223.861328125
4537.0,4271.8667,265.13330078125
4093.0,4540.8135,-447.8134765625
3910.0,4061.005,-151.0048828125
2945.0,3711.6892,-766.689208984375
3258.0,2694.9316,563.068359375
3017.0,3071.8333,-54.833251953125
1747.0,2519.4294,-772.429443359375
1138.0,1225.2349,-87.23486328125
1138.0,576.7095,561.29052734375
703.0,792.09375,-89.09375
703.0,487.8988,215.1011962890625
471.00000000000006,577.87897,-106.8789672851562
471.00000000000006,445.26907,25.730926513671932
391.0,541.29895,-150.2989501953125
391.0,452.47165,-61.471649169921875
486.0,465.81778,20.182220458984375
486.0,544.14655,-58.14654541015625
486.0,666.64,-180.6400146484375
976.0,758.3414,217.65863037109375
2704.0,996.7118,1707.2882080078125
4879.0,4125.8125,753.1875
5062.0,5609.414,-547.4140625
4211.0,5060.5195,-849.51953125
3780.0000000000005,4248.2812,-468.28124999999955
3586.0,3966.5154,-380.515380859375
3586.0,3832.335,-246.3349609375
3586.0,3743.033,-157.032958984375
3611.0,3550.6667,60.333251953125
3611.0,3619.5405,-8.54052734375
3611.0,3711.2505,-100.25048828125
3718.9999999999995,3729.1384,-10.138427734375455
3718.9999999999995,3823.1658,-104.16577148437545
3682.0,3812.6938,-130.69384765625
3928.0,3702.887,225.113037109375
4151.0,4024.0728,126.92724609375
4151.0,4312.7246,-161.724609375
4151.0,4327.683,-176.68310546875
4151.0,4350.337,-199.3369140625
3260.0,4309.137,-1049.13720703125
3260.0,3128.2573,131.74267578125
3260.0,2929.8804,330.11962890625
1953.0,2961.7285,-1008.728515625
1953.0,1712.7413,240.2586669921875
1389.0,1563.148,-174.14794921875
1389.0,1060.8269,328.173095703125
1389.0,961.8951,427.10491943359375
1117.0,1100.5117,16.48828125
1117.0,919.12494,197.87506103515625
844.0,872.51227,-28.51226806640625
844.0,715.76965,128.2303466796875
753.0,690.46075,62.53924560546875
753.0,692.10065,60.89935302734375
694.0,757.54395,-63.5439453125
694.0,809.6968,-115.69677734375
599.0,829.83435,-230.8343505859375
599.0,741.3342,-142.334228515625
308.0,606.75305,-298.7530517578125
308.0,377.24713,-69.24713134765625
242.0,330.12863,-88.12863159179688
242.0,212.74617,29.253829956054688
231.0,350.19266,-119.19265747070312
231.0,306.5373,-75.53729248046875
335.0,366.48587,-31.485870361328125
335.0,525.82434,-190.8243408203125
807.0,594.894,212.10601806640625
807.0,1449.7238,-642.7237548828125
2537.0,1613.6018,923.398193359375
2537.0,3238.9763,-701.976318359375
4601.0,4074.3792,526.620849609375
4601.0,5163.6235,-562.62353515625
4848.0,5038.0464,-190.04638671875
4848.0,5150.6504,-302.650390625
4623.0,4960.809,-337.80908203125
4623.0,4709.6426,-86.642578125
4085.0,4660.2065,-575.20654296875
3602.0,4029.3098,-427.309814453125
3781.0000000000005,3212.647,568.3530273437505
3781.0000000000005,3533.729,247.27099609375045
3781.0000000000005,3501.861,279.13891601562545
4037.0,3723.9565,313.04345703125
4166.0,4119.285,46.71484375
4671.0,4343.3037,327.6962890625
5260.0,4953.455,306.544921875
6420.0,5300.111,1119.88916015625
5874.0,5738.0356,135.96435546875
4400.0,4227.6187,172.38134765625
3188.0,3346.248,-158.248046875
2600.0,3009.1792,-409.17919921875
3415.0,2275.714,1139.285888671875
2587.0,2599.63,-12.6298828125
1144.0,2442.608,-1298.60791015625
591.0,941.1535,-350.15350341796875
376.0,468.28464,-92.28463745117188
246.99999999999997,432.30118,-185.30117797851565
378.0,472.9305,-94.93051147460938
921.0,1074.3181,-153.318115234375
921.0,2901.8794,-1980.87939453125
2875.0,2473.1106,401.889404296875
5670.0,4533.506,1136.494140625
6121.0,6024.049,96.951171875
5896.0,6097.0474,-201.04736328125
5343.0,5576.239,-233.23876953125
4619.0,4998.9893,-379.9892578125
4819.0,4726.891,92.10888671875
4879.0,5241.098,-362.09814453125
5093.0,5179.243,-86.2431640625
5160.0,5352.262,-192.26220703125
5886.0,5600.7896,285.21044921875
6849.0,6202.433,646.56689453125
5951.0,6032.9336,-81.93359375
4637.0,4221.1143,415.8857421875
3367.0,3607.0176,-240.017578125
3297.0,3061.1162,235.8837890625
2451.0,3026.0784,-575.078369140625
1790.0,1914.1997,-124.19970703125
1352.0,1471.3527,-119.3526611328125
545.0,855.90576,-310.90576171875
368.0,493.09875,-125.0987548828125
260.0,152.16884,107.83116149902344
344.0,370.26007,-26.26007080078125
887.0,923.05237,-36.0523681640625
2788.0,3204.1892,-416.189208984375
5661.0,5897.526,-236.52587890625
6280.0,6496.1387,-216.138671875
6042.0,5827.1196,214.88037109375
5221.0,5182.8584,38.1416015625
4669.0,4781.4277,-112.427734375
4922.0,4923.71,-1.7099609375
4946.0,5142.9873,-196.9873046875
5117.0,5052.1753,64.82470703125
5349.0,5385.8193,-36.8193359375
5983.0,5855.6816,127.318359375
6738.0,6550.5244,187.4755859375
6200.0,6201.1777,-1.177734375
5136.0,4616.0933,519.90673828125
3509.0,3849.0278,-340.02783203125
3565.0,3171.4734,393.526611328125
2951.0,3284.985,-333.985107421875
2759.0,2331.468,427.531982421875
2179.0,2293.556,-114.555908203125
665.0,1637.7555,-972.7554931640625
415.0,567.66455,-152.66455078125
300.0,256.9877,43.012298583984375
389.0,323.60132,65.398681640625
839.0,1029.6566,-190.6566162109375
2711.0,2879.7034,-168.703369140625
5349.0,5730.731,-381.73095703125
6520.0,6374.0996,145.900390625
5947.0,6001.0493,-54.04931640625
5947.0,5194.597,752.40283203125
5174.0,5216.0615,-42.0615234375
4876.0,5047.435,-171.43505859375
4876.0,5105.219,-229.21923828125
5160.0,4968.486,191.51416015625
5257.0,5179.1636,77.83642578125
5602.0,5564.1006,37.8994140625
5763.0,6090.5566,-327.556640625
6001.0,6262.082,-261.08203125
6641.0,6084.5566,556.443359375
6062.0,6184.9634,-122.96337890625
5207.0,5128.321,78.67919921875
3864.0,4135.013,-271.01318359375
3377.0,3395.9338,-18.933837890625
3118.0,3235.3445,-117.344482421875
2649.0,2752.9436,-103.943603515625
2989.0,2281.0225,707.9775390625
1175.0,2246.096,-1071.095947265625
685.0,817.5336,-132.53363037109375
358.0,443.05145,-85.05145263671875
404.0,212.52156,191.4784393310547
696.0,874.40894,-178.408935546875
1242.0,2156.1323,-914.13232421875
1911.0,2800.8667,-889.86669921875
3100.0,2839.5496,260.450439453125
4057.0,3711.6604,345.339599609375
4476.0,4557.844,-81.84423828125
4732.0,4862.025,-130.02490234375
5312.0,4953.2603,358.73974609375
4990.0,5313.249,-323.2490234375
5404.0,4953.294,450.7060546875
5548.0,5206.494,341.505859375
5194.0,5267.8813,-73.88134765625
5142.0,5051.6465,90.353515625
4776.0,4992.3813,-216.38134765625
4004.0000000000005,4577.7803,-573.7802734374995
3223.0,3758.32,-535.320068359375
3602.0,3211.7756,390.224365234375
4040.0,3494.0813,545.918701171875
2433.0,3071.8745,-638.87451171875
1662.0,1438.188,223.81201171875
1662.0,941.29956,720.700439453125
975.0,1298.4419,-323.44189453125
975.0,753.1307,221.86932373046875
420.0,761.3241,-341.3240966796875
420.0,538.5656,-118.56561279296875
420.0,410.56863,9.431365966796875
419.0,457.245,-38.2449951171875
419.0,497.66248,-78.6624755859375
419.0,564.4423,-145.44232177734375
490.0,671.23584,-181.23583984375
490.0,734.00037,-244.0003662109375
490.0,770.3647,-280.36468505859375
740.0,740.5716,-0.57159423828125
740.0,1154.8773,-414.8773193359375
740.0,1180.5974,-440.597412109375
1039.0,1272.4277,-233.427734375
1039.0,1068.1549,-29.1549072265625
1039.0,1253.7812,-214.78125
1607.0,1442.587,164.4129638671875
1607.0,1862.8148,-255.8148193359375
2559.0,2051.2292,507.770751953125
3400.0,2869.3022,530.69775390625
3810.0,3669.2976,140.702392578125
4339.0,4191.289,147.7109375
4339.0,4666.8555,-327.85546875
4840.0,4545.013,294.98681640625
4749.0,5032.547,-283.546875
4396.0,4829.754,-433.75390625
4242.0,4402.773,-160.77294921875
4242.0,4129.5454,112.45458984375
4068.0,4035.306,32.694091796875
3571.0,3778.2827,-207.28271484375
2939.0,3270.9504,-331.950439453125
2939.0,2751.6118,187.38818359375
2546.0,2790.861,-244.861083984375
2546.0,2038.1575,507.842529296875
2118.0,1902.443,215.5570068359375
1523.0,1554.2267,-31.2266845703125
1000.0000000000001,1064.3553,-64.35534667968739
528.0,695.07416,-167.07415771484375
360.0,346.59628,13.403717041015625
228.0,282.78012,-54.780120849609375
356.0,320.81873,35.1812744140625
851.0,718.869,132.1309814453125
2742.0,1442.4772,1299.5228271484375
5331.0,4716.985,614.01513671875
6336.0,5953.7495,382.25048828125
5668.0,5919.0146,-251.0146484375
4693.0,5060.199,-367.19921875
4213.0,4468.4326,-255.4326171875
4265.0,4448.293,-183.29296875
4666.0,4524.618,141.3818359375
4748.0,4755.0996,-7.099609375
4554.0,5054.798,-500.7978515625
5784.0,4770.353,1013.64697265625
6655.0,6085.3813,569.61865234375
6001.0,5467.4272,533.57275390625
4388.0,4271.505,116.4951171875
3346.0,3268.9934,77.006591796875
2806.0,2951.9883,-145.98828125
2301.0,2622.885,-321.885009765625
2592.0,2063.7764,528.2236328125
2003.0000000000002,1851.4706,151.52941894531273
666.0,958.38226,-292.38226318359375
414.0,690.58405,-276.58404541015625
301.0,49.049816,251.9501838684082
380.0,398.82526,-18.82525634765625
865.0,1060.9319,-195.931884765625
2872.0,2900.2869,-28.286865234375
5420.0,5771.1816,-351.181640625
6404.0,6306.0127,97.9873046875
5880.0,5943.49,-63.490234375
5093.0,5048.2217,44.7783203125
4410.0,4621.5605,-211.560546875
4591.0,4640.911,-49.9111328125
4749.0,4796.546,-47.5458984375
5062.0,4774.7026,287.29736328125
5187.0,5316.5737,-129.57373046875
5895.0,5655.472,239.52783203125
6366.0,6444.1416,-78.1416015625
5413.0,6100.529,-687.52880859375
4470.0,3948.833,521.1669921875
3436.0,3533.266,-97.26611328125
2933.0,3065.8403,-132.84033203125
2736.0,2762.3467,-26.3466796875
3761.0000000000005,2322.2744,1438.7255859375005
1287.0,1939.4847,-652.4847412109375
665.0,658.55804,6.44195556640625
340.0,473.18713,-133.1871337890625
285.0,146.57477,138.42523193359375
378.0,746.6287,-368.62872314453125
903.0,1054.3176,-151.317626953125
2785.0,3271.5261,-486.526123046875
5526.0,5646.171,-120.1708984375
6542.0,6282.715,259.28515625
5854.0,5910.03,-56.02978515625
5312.0,5131.7534,180.24658203125
4511.0,4827.737,-316.73681640625
4825.0,4766.7363,58.263671875
4908.0,5110.2383,-202.23828125
5044.0,5031.407,12.5927734375
5251.0,5350.099,-99.09912109375
5906.0,5738.977,167.02294921875
6789.0,6377.0566,411.943359375
6137.0,6139.107,-2.10693359375
4718.0,4467.338,250.662109375
3426.0,3586.9487,-160.94873046875
3115.0,3063.52,51.47998046875
2507.0,2905.3782,-398.378173828125
1810.0,2066.286,-256.285888671875
1094.0,1498.0957,-404.095703125
577.0,725.8909,-148.89093017578125
354.0,416.25363,-62.253631591796875
259.0,177.20662,81.79338073730469
910.0,331.88132,578.1186828613281
2797.0,3182.8066,-385.806640625
4965.0,5708.8647,-743.86474609375
6537.0,6135.5835,401.41650390625
5907.0,6085.7974,-178.79736328125
5177.0,5173.908,3.091796875
4675.0,4697.498,-22.498046875
4905.0,4811.443,93.55712890625
5113.0,5084.9155,28.08447265625
5165.0,5180.552,-15.5517578125
5448.0,5482.3184,-34.318359375
5960.0,5894.8926,65.107421875
6586.0,6452.392,133.60791015625
6279.0,6130.607,148.39306640625
4771.0,4862.7256,-91.7255859375
3503.0,3693.0718,-190.07177734375
3093.0,3130.154,-37.154052734375
2685.0,2946.829,-261.8291015625
2157.0,2189.524,-32.52392578125
1205.0,1724.4391,-519.4390869140625
661.0,807.60376,-146.603759765625
386.0,458.62057,-72.62057495117188
287.0,225.53174,61.46826171875
793.0,308.29385,484.7061462402344
2731.0,2654.0,77.0
4997.0,5606.3794,-609.37939453125
6242.0,6147.589,94.4111328125
5574.0,5901.7207,-327.720703125
4900.0,5025.1807,-125.1806640625
4578.0,4700.19,-122.18994140625
5056.0,4852.8237,203.17626953125
5381.0,5197.3013,183.69873046875
5398.0,5464.368,-66.3681640625
5594.0,5724.6978,-130.69775390625
5999.0,5977.7173,21.28271484375
6607.0,6378.0464,228.95361328125
6023.0,5980.1987,42.80126953125
4952.0,4619.405,332.59521484375
4004.0000000000005,3920.4858,83.51416015625045
3503.0,3380.069,122.930908203125
3111.0,3254.7893,-143.789306640625
3079.0,2714.1736,364.826416015625
1903.0,2472.3389,-569.3388671875
1125.0,1488.7941,-363.7940673828125
621.0,686.5656,-65.56561279296875
498.00000000000006,460.6989,37.30108642578131
386.0,369.3444,16.655609130859375
391.0,500.75964,-109.7596435546875
681.0,830.32117,-149.3211669921875
1167.0,1849.1578,-682.1578369140625
1895.0000000000002,2149.5002,-254.50024414062477
3095.0,2822.2192,272.78076171875
3955.9999999999995,3859.5688,96.43115234374955
4651.0,4505.577,145.4228515625
5278.0,4993.8906,284.109375
5798.0,5453.1396,344.8603515625
5686.0,5690.616,-4.6162109375
5616.0,5496.8315,119.16845703125
5217.0,5394.3604,-177.3603515625
4708.0,5105.2295,-397.2294921875
4954.0,4705.4624,248.53759765625
4595.0,4808.5625,-213.5625
3918.0,4489.8774,-571.87744140625
3534.0,3866.6226,-332.62255859375
3351.0,3606.2422,-255.2421875
3738.9999999999995,3429.1514,309.84863281249955
2596.0,3229.6558,-633.65576171875
1642.0,1805.3217,-163.3216552734375
1075.0,974.86206,100.137939453125
719.0,735.62634,-16.6263427734375
417.0,485.3972,-68.39718627929688
321.0,404.90683,-83.90682983398438
439.0,359.3095,79.69049072265625
761.0,759.1401,1.85992431640625
1020.0,1326.2543,-306.2542724609375
1840.0,1712.0605,127.939453125
2776.0,2553.9263,222.07373046875
3658.0,3620.7239,37.276123046875
4175.0,4215.1416,-40.1416015625
4575.0,4479.338,95.662109375
4713.0,4726.606,-13.60595703125
4783.0,4782.5273,0.47265625
4797.0,4786.33,10.669921875
4727.0,4778.577,-51.5771484375
4649.0,4661.4688,-12.46875
3868.0,4467.098,-599.09814453125
3174.0,3537.0981,-363.09814453125
2692.0,2844.8127,-152.812744140625
2068.0,2566.9795,-498.9794921875
1560.0,1797.5361,-237.5361328125
966.0,1084.847,-118.8470458984375
540.0,498.5676,41.432403564453125
293.0,339.92905,-46.929046630859375
254.0,189.90952,64.09048461914062
348.0,449.61942,-101.61941528320312
819.0,949.84454,-130.84454345703125
2788.0,2409.6787,378.3212890625
5370.0,5524.8394,-154.83935546875
6710.0,6019.399,690.60107421875
5983.0,6070.9795,-87.9794921875
4958.0,5004.96,-46.9599609375
4320.0,4453.95,-133.9501953125
4551.0,4540.0684,10.931640625
4636.0,4880.618,-244.6181640625
4712.0,4777.4585,-65.45849609375
4974.0,5005.2847,-31.28466796875
5694.0,5408.056,285.94384765625
6470.0,6264.8184,205.181640625
5955.0,5936.4307,18.5693359375
4314.0,4339.633,-25.6328125
3201.0,3242.3735,-41.37353515625
2582.0,2865.45,-283.449951171875
2628.0,2429.3298,198.670166015625
3231.0,2200.3755,1030.62451171875
1086.0,1665.8085,-579.8084716796875
556.0,690.9348,-134.934814453125
337.0,357.78555,-20.785552978515625
246.99999999999997,238.69286,8.307144165039034
353.0,462.36203,-109.36203002929688
885.0,873.1357,11.86431884765625
2867.0,3080.705,-213.705078125
5619.0,5835.544,-216.5439453125
6426.0,6421.204,4.7958984375
5876.0,5893.777,-17.77685546875
5130.0,5059.687,70.31298828125
5130.0,4645.4004,484.599609375
4406.0,5136.972,-730.97216796875
4406.0,4723.5776,-317.57763671875
4406.0,4493.4106,-87.41064453125
4427.0,4497.9644,-70.96435546875
4427.0,4664.3164,-237.31640625
4600.0,4633.7227,-33.72265625
4600.0,5021.497,-421.4970703125
4696.0,4976.768,-280.76806640625
4696.0,4978.4917,-282.49169921875
4958.0,4987.906,-29.90576171875
4958.0,5307.693,-349.69287109375
4958.0,5282.2793,-324.279296875
4958.0,5274.8853,-316.88525390625
4958.0,5252.0547,-294.0546875
5690.0,5229.401,460.59912109375
5690.0,5957.7847,-267.78466796875
5690.0,5687.6763,2.32373046875
5690.0,5603.916,86.083984375
6609.0,5522.7725,1086.2275390625
6609.0,6111.621,497.37890625
6097.0,6010.6685,86.33154296875
6097.0,5656.3545,440.6455078125
4569.0,5514.993,-945.9931640625
3098.0,4427.981,-1329.98095703125
3098.0,3400.5854,-302.58544921875
2741.0,3011.926,-270.926025390625
2741.0,2156.954,584.0458984375
2741.0,2285.651,455.34912109375
2517.0,2446.2422,70.7578125
2517.0,2318.3215,198.678466796875
2517.0,2246.2249,270.775146484375
1621.0,2199.0225,-578.0224609375
1621.0,1436.7316,184.2684326171875
1062.0,1300.4257,-238.4256591796875
578.0,1046.8295,-468.8294677734375
335.0,555.9477,-220.94769287109375
261.0,266.48602,-5.48602294921875
353.0,268.2263,84.77371215820312
893.0,816.8807,76.11932373046875
2950.0,2436.3418,513.658203125
5538.0,5017.361,520.63916015625
6840.0,5968.2944,871.70556640625
6218.0,6179.908,38.091796875
6218.0,5368.77,849.22998046875
5356.0,5382.7773,-26.77734375
5356.0,4930.8384,425.16162109375
4551.0,5219.134,-668.1337890625
4807.0,4821.28,-14.27978515625
4993.0,4937.7837,55.21630859375
4879.0,5115.634,-236.6337890625
5173.0,5239.805,-66.80517578125
5863.0,5582.1753,280.82470703125
6790.0,6324.826,465.173828125
6310.0,6006.0977,303.90234375
4591.0,4713.8564,-122.8564453125
3493.0,3416.1965,76.803466796875
2991.0,3133.8433,-142.84326171875
2592.0,2794.3857,-202.3857421875
1664.0,2249.07,-585.070068359375
1093.0,1378.537,-285.5369873046875
609.0,765.71387,-156.7138671875
346.0,441.06088,-95.06088256835938
228.0,207.99022,20.009780883789062
330.0,250.40044,79.59956359863281
868.0,907.98175,-39.98175048828125
2903.0,3250.8953,-347.895263671875
5530.0,6030.0825,-500.08251953125
6833.0,6394.1035,438.896484375
6206.0,6170.0693,35.9306640625
5222.0,5153.0674,68.9326171875
4573.0,4669.3535,-96.353515625
5059.0,4837.527,221.47314453125
5162.0,5243.881,-81.880859375
5165.0,5203.85,-38.85009765625
5386.0,5520.3735,-134.37353515625
5963.0,5918.293,44.70703125
6918.0,6570.247,347.7529296875
6374.0,6193.687,180.31298828125
4694.0,4594.974,99.02587890625
3736.9999999999995,3610.0823,126.91772460937455
3510.0,3275.1455,234.8544921875
2896.0,3121.8093,-225.809326171875
2298.0,2341.394,-43.39404296875
1235.0,1927.8322,-692.8321533203125
645.0,873.20483,-228.204833984375
379.0,488.50537,-109.50537109375
285.0,207.43686,77.56314086914062
382.0,354.7034,27.296600341796875
800.0,900.8467,-100.8466796875
2744.0,2828.5562,-84.55615234375
5245.0,5934.783,-689.783203125
6407.0,6455.8203,-48.8203125
5885.0,5989.7925,-104.79248046875
5294.0,5177.7573,116.24267578125
4876.0,4926.691,-50.69091796875
5230.0,5100.5034,129.49658203125
5405.0,5415.709,-10.708984375
5369.0,5472.421,-103.4208984375
5525.0,5591.167,-66.1669921875
6042.0,5917.107,124.89306640625
6712.0,6480.843,231.1572265625
6248.0,6154.1724,93.82763671875
5041.0,4977.4614,63.53857421875
4067.0,3943.9626,123.037353515625
3229.0,3470.2588,-241.2587890625
2915.0,3100.708,-185.7080078125
2928.0,2633.9775,294.0224609375
2932.0,2340.6997,591.30029296875
1453.0,1861.7776,-408.777587890625
950.0000000000001,1051.4631,-101.46313476562489
3049.0,578.9539,2470.0460815429688
3912.0,3333.435,578.56494140625
4466.0,3710.885,755.114990234375
6006.0,4729.767,1276.23291015625
6470.0,5868.031,601.96923828125
5148.0,5414.6646,-266.66455078125
4994.0,4183.7354,810.2646484375
5019.0,4500.1284,518.87158203125
4874.0,4538.805,335.19482421875
4787.0,4763.9644,23.03564453125
4511.0,4857.899,-346.89892578125
3788.0000000000005,4633.6997,-845.6997070312495
3044.0,3820.396,-776.39599609375
3602.0,3086.5205,515.4794921875
4409.0,3483.6377,925.3623046875
2104.0,4017.8457,-1913.845703125
1324.0,1550.6809,-226.680908203125
795.0,909.5697,-114.5697021484375
658.0,644.35895,13.64105224609375
340.0,852.9295,-512.9295043945312
274.0,22.00309,251.99691009521484
440.0,368.2862,71.71380615234375
771.0,804.3122,-33.31219482421875
1158.0,1388.4705,-230.470458984375
1847.0,2012.6852,-165.6851806640625
2788.0,2881.9346,-93.9345703125
3617.0,3748.955,-131.955078125
3938.9999999999995,4333.3394,-394.33935546875045
4628.0,4265.7114,362.28857421875
4615.0,4752.162,-137.162109375
4447.0,4722.547,-275.546875
4447.0,4463.185,-16.18505859375
4540.0,4471.896,68.10400390625
4345.0,4493.63,-148.6298828125
3799.0000000000005,4202.289,-403.28906249999955
2980.0,3457.8564,-477.8564453125
2784.0,2616.9583,167.041748046875
3966.9999999999995,2491.5154,1475.4846191406245
1794.0,3069.1697,-1275.169677734375
983.9999999999999,508.65662,475.3433837890624
518.0,542.09357,-24.09356689453125
325.0,322.9607,2.039306640625
247.99999999999997,328.08984,-80.08984375000003
336.0,581.5978,-245.5977783203125
336.0,910.11414,-574.1141357421875
851.0,483.5674,367.4325866699219
2625.0,1443.8594,1181.140625
2625.0,4436.262,-1811.26220703125
5213.0,4396.5757,816.42431640625
5213.0,5564.85,-351.85009765625
6382.0,5364.201,1017.798828125
5654.0,6223.9365,-569.9365234375
4843.0,5481.6143,-638.6142578125
4129.0,4791.4805,-662.48046875
4370.0,4358.8423,11.15771484375
4562.0,4583.9326,-21.9326171875
4661.0,4666.2896,-5.28955078125
4992.0,4956.142,35.85791015625
4992.0,5515.5986,-523.5986328125
5494.0,5694.195,-200.19482421875
6402.0,5853.4575,548.54248046875
6402.0,6073.693,328.30712890625
5956.0,4910.653,1045.34716796875
5956.0,4481.2495,1474.75048828125
5956.0,4801.572,1154.42822265625
4041.0,5051.592,-1010.591796875
4041.0,3932.7476,108.25244140625
4041.0,3523.5952,517.40478515625
3000.0,3390.2776,-390.277587890625
3000.0,2958.233,41.76708984375
3000.0,3031.6482,-31.648193359375
2500.0,2941.7156,-441.715576171875
2500.0,2326.015,173.985107421875
2500.0,2288.8218,211.17822265625
2012.0000000000002,2237.9634,-225.96337890624977
2012.0000000000002,1631.9261,380.0738525390627
2012.0000000000002,1709.7933,302.2066650390627
2012.0000000000002,1806.1823,205.81774902343773
1413.0,1806.6533,-393.6533203125
1413.0,1383.9342,29.0657958984375
877.0,1208.636,-331.635986328125
877.0,822.06616,54.933837890625
877.0,587.40704,289.59295654296875
516.0,595.36285,-79.36285400390625
516.0,426.8977,89.102294921875
516.0,413.83325,102.166748046875
516.0,403.7529,112.24710083007812
313.0,494.0934,-181.09341430664062
313.0,334.4723,-21.4722900390625
313.0,333.5181,-20.518096923828125
313.0,339.58408,-26.584075927734375
249.00000000000003,428.28918,-179.28918457031247
344.0,415.9887,-71.98870849609375
879.0,533.4133,345.586669921875
2781.0,1701.3157,1079.684326171875
5421.0,5445.151,-24.15087890625
6696.0,6021.478,674.52197265625
6696.0,6058.6226,637.37744140625
5970.0,5745.9917,224.00830078125
5970.0,5172.3315,797.66845703125
5088.0,5280.267,-192.26708984375
5088.0,5007.0767,80.92333984375
4388.0,5260.655,-872.65478515625
4466.0,4603.2026,-137.20263671875
5025.0,4597.4233,427.57666015625
4793.0,5289.728,-496.72802734375
5374.0,5126.114,247.88623046875
5801.0,5803.9404,-2.9404296875
6868.0,6110.154,757.84619140625
6139.0,6081.4453,57.5546875
4715.0,4417.246,297.75390625
3441.0,3555.2888,-114.288818359375
2952.0,3148.7078,-196.707763671875
2415.0,2792.3867,-377.38671875
2058.0,2114.9753,-56.975341796875
1060.0,1795.318,-735.3179931640625
600.0,743.66125,-143.6612548828125
380.0,424.69382,-44.693817138671875
263.0,301.26254,-38.262542724609375
352.0,357.1596,-5.15960693359375
859.0,892.3784,-33.37841796875
2825.0,3042.1355,-217.135498046875
2825.0,5902.4644,-3077.46435546875
5355.0,5435.635,-80.634765625
6650.0,5591.763,1058.23681640625
6014.0,6038.1323,-24.13232421875
5082.0,5661.9297,-579.9296875
4655.0,4983.001,-328.0009765625
4775.0,4890.2075,-115.20751953125
5066.0,5214.546,-148.5458984375
5197.0,5220.713,-23.712890625
5484.0,5403.9824,80.017578125
5938.0,5866.281,71.71923828125
6988.0,6203.1655,784.83447265625
6540.0,6229.9595,310.04052734375
6540.0,4762.4424,1777.5576171875
4918.0,5549.6807,-631.6806640625
3392.0,3956.9802,-564.980224609375
3105.0,3245.6445,-140.64453125
2616.0,2919.0034,-303.00341796875
1736.0,2131.4182,-395.418212890625
1132.0,1391.7567,-259.7567138671875
553.0,756.5397,-203.5396728515625
354.0,407.63434,-53.63433837890625
353.0,358.8915,-5.891510009765625
859.0,807.37506,51.62493896484375
2804.0,2797.7664,6.233642578125
5405.0,5636.9966,-231.99658203125
6460.0,6334.0874,125.91259765625
6002.0,6022.776,-20.77587890625
4995.0,5168.9854,-173.9853515625
4579.0,4707.522,-128.52197265625
5058.0,4890.6826,167.3173828125
5252.0,5190.7695,61.23046875
5338.0,5352.883,-14.8828125
5562.0,5743.287,-181.287109375
6040.0,6018.2896,21.71044921875
6573.0,6498.3604,74.6396484375
6034.0,5923.639,110.36083984375
5050.0,4656.796,393.2041015625
3656.0,3922.6106,-266.610595703125
3373.0,3214.9268,158.0732421875
3584.0,3233.3132,350.686767578125
3691.0,2853.784,837.216064453125
1484.0,2276.0562,-792.05615234375
817.0,953.1466,-136.1466064453125
413.0,413.91943,-0.91943359375
329.0,237.19142,91.80857849121094
359.0,429.73343,-70.73342895507812
749.0,855.9087,-106.90869140625
2367.0,2681.1204,-314.120361328125
4463.0,5458.0664,-995.06640625
5449.0,5888.5684,-439.568359375
5227.0,5312.265,-85.26513671875
4964.0,4955.552,8.4482421875
4892.0,4879.528,12.47216796875
5350.0,5071.548,278.4521484375
5783.0,5423.7646,359.2353515625
5589.0,5609.5894,-20.58935546875
5713.0,5500.92,212.080078125
5936.0,5801.423,134.5771484375
5936.0,6059.758,-123.7578125
6137.0,5661.1367,475.86328125
5289.0,5705.4634,-416.46337890625
4573.0,4785.582,-212.58203125
3604.0,3879.409,-275.408935546875
3233.0,3342.4653,-109.46533203125
3024.0,3274.9563,-250.956298828125
2358.0,2824.1294,-466.12939453125
1685.0,2017.1628,-332.162841796875
963.0,1220.3276,-257.32763671875
963.0,634.93604,328.06396484375
580.0,635.86096,-55.8609619140625
580.0,508.02585,71.97415161132812
580.0,562.97266,17.02734375
485.0,698.5736,-213.5736083984375
485.0,644.87006,-159.87005615234375
386.0,639.71173,-253.71173095703125
386.0,565.0093,-179.00927734375
352.0,552.3293,-200.32928466796875
352.0,555.9178,-203.91778564453125
588.0,621.9378,-33.93780517578125
588.0,1301.4955,-713.4954833984375
588.0,1252.1034,-664.1033935546875
588.0,1259.528,-671.5279541015625
1045.0,964.9241,80.075927734375
1045.0,1473.3455,-428.345458984375
1045.0,1458.2312,-413.231201171875
1556.0,1771.65,-215.6500244140625
1556.0,1896.1698,-340.1697998046875
2289.0,2045.9767,243.0233154296875
3092.0,2613.669,478.3310546875
3092.0,3371.7317,-279.731689453125
3629.0,3550.7627,78.2373046875
4051.0,3921.5488,129.451171875
4348.0,4272.0386,75.96142578125
4337.0,4577.1367,-240.13671875
4548.0,4515.6406,32.359375
4400.0,4694.7593,-294.75927734375
4222.0,4450.44,-228.43994140625
4155.0,4170.5957,-15.595703125
3993.0000000000005,3984.3972,8.602783203125455
3333.0,3735.4983,-402.498291015625
2910.0,3028.6848,-118.684814453125
2761.0,2698.6519,62.34814453125
2695.0,2537.4197,157.580322265625
1771.0,2217.2402,-446.240234375
1128.0,1169.7231,-41.72314453125
652.0,601.85565,50.14434814453125
520.0,446.80936,73.19064331054688
313.0,383.5349,-70.534912109375
249.00000000000003,305.31836,-56.31835937499997
426.0,516.5033,-90.5032958984375
751.0,908.12634,-157.1263427734375
978.0,1064.4447,-86.4447021484375
1718.0,1537.9446,180.055419921875
2444.0,2288.6946,155.305419921875
3306.0,3141.225,164.77490234375
3641.0,3700.6748,-59.6748046875
3963.9999999999995,3929.1372,34.862792968749545
4043.0,4103.4746,-60.474609375
3996.0000000000005,4133.5312,-137.53124999999955
4102.0,4039.5105,62.489501953125
4679.0,4114.123,564.876953125
4569.0,4566.384,2.6162109375
4424.0,4501.818,-77.81787109375
3892.0,4328.15,-436.14990234375
3320.0,3554.065,-234.06494140625
2545.0,2911.826,-366.825927734375
1682.0,2359.0837,-677.083740234375
952.0,1284.3706,-332.37060546875
543.0,497.6642,45.335784912109375
311.0,445.92487,-134.92486572265625
245.99999999999997,234.66498,11.335021972656222
352.0,495.70886,-143.7088623046875
807.0,1106.4447,-299.4447021484375
2683.0,2477.079,205.9208984375
5147.0,5367.3716,-220.37158203125
6148.0,6030.2373,117.7626953125
5557.0,5685.5576,-128.5576171875
4776.0,4792.2734,-16.2734375
4397.0,4359.5327,37.46728515625
4509.0,4562.5396,-53.53955078125
4947.0,4788.064,158.93603515625
4895.0,5112.162,-217.162109375
4750.0,5321.9355,-571.935546875
4750.0,5141.232,-391.23193359375
4750.0,5183.1387,-433.138671875
4949.0,5245.4194,-296.41943359375
4949.0,5254.011,-305.01123046875
6000.0,5185.7207,814.279296875
6000.0,6200.019,-200.01904296875
5301.0,5371.8037,-70.8037109375
5301.0,4361.3213,939.6787109375
3893.0,4599.6772,-706.67724609375
2521.0,3631.1428,-1110.142822265625
2159.0,2400.5066,-241.506591796875
2159.0,1876.7812,282.21875
2702.0,1610.4624,1091.53759765625
2702.0,1806.1722,895.8277587890625
2359.0,1950.1488,408.8511962890625
2359.0,2227.509,131.490966796875
1040.0,2029.198,-989.197998046875
552.0,1133.2327,-581.232666015625
346.0,476.72186,-130.72186279296875
277.0,237.76941,39.2305908203125
329.0,403.5581,-74.55810546875
836.0,760.6563,75.34368896484375
836.0,1618.9059,-782.9058837890625
2555.0,1899.7229,655.277099609375
2555.0,3396.7412,-841.7412109375
4311.0,4299.435,11.56494140625
4311.0,4579.028,-268.02783203125
4096.0,4746.8228,-650.82275390625
4096.0,4220.622,-124.6220703125
4790.0,4093.7043,696.295654296875
4790.0,4862.0596,-72.0595703125
3893.0,4845.8843,-952.88427734375
3893.0,3699.5393,193.460693359375
3403.0,3456.927,-53.927001953125
3403.0,2960.8203,442.1796875
3587.0,2977.4844,609.515625
3587.0,3036.7485,550.25146484375
3822.0,2847.1099,974.89013671875
3822.0,2905.9666,916.033447265625
3822.0,3151.21,670.7900390625
3917.0,3501.0913,415.90869140625
3917.0,3783.1404,133.859619140625
3917.0,3842.8098,74.190185546875
4058.0,3856.412,201.587890625
4058.0,4051.4294,6.570556640625
4058.0,4096.0522,-38.05224609375
4689.0,4139.459,549.541015625
4689.0,4930.7354,-241.7353515625
4689.0,4844.1475,-155.1474609375
4930.0,4820.4854,109.5146484375
4930.0,5036.2554,-106.25537109375
4930.0,5056.2153,-126.21533203125
4207.0,5037.8706,-830.87060546875
4207.0,4055.1394,151.860595703125
2887.0,3786.2139,-899.2138671875
2887.0,2838.005,48.9951171875
2887.0,2713.704,173.2958984375
1834.0,2603.8757,-769.875732421875
1834.0,1572.6747,261.3253173828125
1834.0,1384.1719,449.828125
1703.0,1537.8911,165.10888671875
1703.0,1317.4803,385.5196533203125
1450.0,1348.8436,101.1563720703125
1450.0,1234.2228,215.7772216796875
1511.0,1221.3958,289.604248046875
1511.0,1299.0297,211.9703369140625
1511.0,1325.1652,185.8348388671875
1271.0,1351.6051,-80.6051025390625
1271.0,1251.2955,19.7044677734375
1271.0,1194.2849,76.715087890625
501.00000000000006,1163.3667,-662.36669921875
501.00000000000006,554.6915,-53.69152832031244
501.00000000000006,310.1608,190.83920288085943
327.0,349.5663,-22.566314697265625
327.0,257.3394,69.66061401367188
259.0,442.55087,-183.55087280273438
337.0,268.13113,68.86886596679688
821.0,467.7348,353.26519775390625
2580.0,1413.557,1166.4429931640625
4551.0,4734.1772,-183.17724609375
4979.0,5420.1987,-441.19873046875
4778.0,4701.7036,76.29638671875
5252.0,4411.3086,840.69140625
4717.0,4995.9683,-278.96826171875
4590.0,4838.0522,-248.05224609375
4749.0,4778.6914,-29.69140625
4793.0,4976.125,-183.125
4903.0,5053.784,-150.7841796875
5491.0,5213.4727,277.52734375
6500.0,5838.1978,661.80224609375
5898.0,5968.9097,-70.90966796875
4539.0,4527.7227,11.27734375
3400.0,3446.3599,-46.35986328125
3022.0,3007.475,14.52490234375
2444.0,2796.945,-352.945068359375
1885.0000000000002,2050.6924,-165.69238281249977
1097.0,1526.2842,-429.2841796875
640.0,732.50134,-92.5013427734375
384.0,451.9198,-67.9197998046875
280.0,216.70403,63.29597473144531
352.0,180.41888,171.58111572265625
910.0,757.7702,152.22979736328125
2815.0,3228.0156,-413.015625
5560.0,5773.6787,-213.6787109375
6297.0,6289.19,7.81005859375
5887.0,5779.1396,107.8603515625
5389.0,5028.3745,360.62548828125
5389.0,4769.8364,619.16357421875
4663.0,5190.837,-527.8369140625
5078.0,4883.7554,194.24462890625
5535.0,5177.3843,357.61572265625
5492.0,5419.9253,72.07470703125
5535.0,5755.5723,-220.572265625
5705.0,5873.055,-168.05517578125
6642.0,6053.77,588.22998046875
6476.0,6321.1533,154.8466796875
4992.0,5277.3716,-285.37158203125
3322.0,3890.3047,-568.3046875
3288.0,2991.9702,296.02978515625
2888.0,3085.1663,-197.166259765625
2422.0,2168.353,253.64697265625
2390.0,1954.3873,435.6126708984375
931.9999999999999,1462.6068,-530.6068115234376
514.0,751.41785,-237.4178466796875
312.0,363.35745,-51.357452392578125
363.0,178.05054,184.949462890625
879.0,830.8851,48.11492919921875
2687.0,3069.2727,-382.272705078125
5211.0,5686.831,-475.8310546875
6253.0,6259.139,-6.13916015625
5738.0,5794.752,-56.751953125
5067.0,5104.2207,-37.220703125
4748.0,4825.2837,-77.28369140625
4748.0,4986.413,-238.4130859375
5022.0,4951.7153,70.28466796875
5022.0,5087.66,-65.66015625
5409.0,5257.2666,151.7333984375
5298.0,5854.336,-556.3359375
5363.0,5874.649,-511.64892578125
5786.0,5686.7686,99.2314453125
6525.0,5929.267,595.73291015625
5735.0,6082.8574,-347.857421875
4863.0,4735.3193,127.6806640625
3923.0,3816.4941,106.505859375
3193.0,3368.411,-175.410888671875
3031.0,3076.0278,-45.02783203125
2992.0,2757.856,234.14404296875
2205.0,2378.7905,-173.79052734375
1196.0,1810.5427,-614.542724609375
657.0,871.116,-214.11602783203125
495.99999999999994,426.548,69.45199584960932
381.0,370.4625,10.537506103515625
342.0,462.32925,-120.32925415039062
643.0,637.31635,5.68365478515625
1221.0,1737.2391,-516.2391357421875
1995.0000000000002,2109.6365,-114.63647460937477
3074.0,2968.3718,105.628173828125
3959.9999999999995,3757.362,202.63793945312455
4304.0,4392.561,-88.56103515625
4771.0,4637.3687,133.63134765625
5298.0,4938.4243,359.57568359375
5126.0,5274.9536,-148.95361328125
5237.0,5080.7583,156.24169921875
4908.0,5097.298,-189.2978515625
5118.0,4896.3647,221.63525390625
5441.0,4965.3877,475.6123046875
5019.0,5143.2085,-124.20849609375
3699.0,4748.316,-1049.31591796875
3079.0,3501.8376,-422.837646484375
4104.0,3064.4573,1039.542724609375
4107.0,3517.0222,589.977783203125
2740.0,2518.7673,221.232666015625
1578.0,2086.4207,-508.420654296875
844.0,818.26135,25.7386474609375
649.0,435.63028,213.36972045898438
401.0,342.4184,58.58160400390625
295.0,394.1859,-99.1859130859375
441.0,401.5473,39.45269775390625
976.0,716.0271,259.972900390625
1357.0,1551.896,-194.89599609375
1910.0,2165.7742,-255.774169921875
2736.0,2765.4749,-29.474853515625
3401.0,3385.1062,15.893798828125
3960.9999999999995,3879.875,81.12499999999955
4483.0,4256.775,226.22509765625
4423.0,4674.8057,-251.8056640625
4272.0,4569.324,-297.32421875
4083.0,4322.6035,-239.603515625
4389.0,4141.018,247.98193359375
4389.0,4399.7456,-10.74560546875
3687.0,4244.552,-557.5517578125
3687.0,3481.798,205.201904296875
3224.0,3146.7927,77.207275390625
3224.0,2839.8398,384.16015625
3224.0,2973.5044,250.49560546875
2455.0,2633.4697,-178.4697265625
2455.0,1851.281,603.718994140625
2455.0,1863.2117,591.788330078125
2145.0,1935.0708,209.92919921875
2145.0,1678.0273,466.97265625
1799.0,1708.1586,90.8414306640625
1799.0,1523.2274,275.7725830078125
1425.0,1464.1746,-39.174560546875
1425.0,1241.2681,183.73193359375
991.9999999999999,1130.3817,-138.3817138671876
991.9999999999999,847.5422,144.45782470703114
427.0,760.2068,-333.206787109375
427.0,376.21954,50.78045654296875
315.0,285.54572,29.45428466796875
315.0,222.15538,92.84461975097656
251.00000000000003,337.6903,-86.69030761718747
251.00000000000003,275.14813,-24.14813232421872
339.0,361.02258,-22.0225830078125
339.0,471.394,-132.39401245117188
869.0,540.52264,328.47735595703125
2704.0,1354.0957,1349.904296875
5192.0,4958.6895,233.310546875
5192.0,5859.3833,-667.38330078125
6110.0,4988.9673,1121.03271484375
6110.0,5610.3286,499.67138671875
5824.0,5543.904,280.09619140625
5824.0,5457.245,366.7548828125
4933.0,5388.44,-455.43994140625
4933.0,4961.7134,-28.71337890625
4149.0,5126.1562,-977.15625
4149.0,4267.0107,-118.0107421875
4276.0,4225.1143,50.8857421875
4516.0,4390.0435,125.95654296875
4633.0,4664.108,-31.10791015625
5093.0,4934.183,158.81689453125
5769.0,5391.7817,377.21826171875
6719.0,5890.006,828.994140625
6244.0,5842.56,401.43994140625
4640.0,4467.711,172.2890625
3073.0,3543.9219,-470.921875
2635.0,2934.0022,-299.002197265625
2048.0,2523.3157,-475.315673828125
1521.0,1786.7047,-265.7047119140625
983.0,1500.1976,-517.1976318359375
530.0,758.27496,-228.27496337890625
333.0,305.41684,27.583160400390625
235.00000000000003,224.28258,10.717422485351591
358.0,314.15143,43.84857177734375
905.0,1290.0176,-385.017578125
2902.0,3313.4763,-411.476318359375
5806.0,5927.9697,-121.9697265625
6708.0,6378.543,329.45703125
6190.0,5974.8066,215.193359375
5221.0,5165.2915,55.70849609375
4436.0,4622.9644,-186.96435546875
4714.0,4686.5024,27.49755859375
4850.0,4958.419,-108.4189453125
5099.0,4897.0723,201.927734375
5315.0,5406.5454,-91.54541015625
5784.0,5927.458,-143.4580078125
7013.0,6515.986,497.01416015625
6304.0,6232.897,71.10302734375
4606.0,4352.8115,253.1884765625
3190.0,3509.7153,-319.71533203125
2829.0,2898.7705,-69.7705078125
2337.0,2667.645,-330.64501953125
1738.0,1915.1499,-177.14990234375
1007.0000000000001,1424.5096,-417.5096435546874
562.0,650.4338,-88.43377685546875
344.0,371.33603,-27.336029052734375
259.0,173.87242,85.12757873535156
374.0,337.10583,36.8941650390625
374.0,973.3657,-599.36572265625
886.0,1247.8529,-361.8529052734375
886.0,2723.7102,-1837.710205078125
2843.0,3611.62,-768.6201171875
5670.0,4204.1816,1465.818359375
6495.0,6215.677,279.3232421875
6495.0,6116.7505,378.24951171875
5887.0,5770.518,116.48193359375
5581.0,5259.668,321.33203125
4791.0,5303.259,-512.2587890625
5123.0,5036.07,86.93017578125
4964.0,5260.167,-296.1669921875
4982.0,5164.99,-182.990234375
5169.0,5265.0195,-96.01953125
5768.0,5574.04,193.9599609375
6988.0,6289.7056,698.29443359375
6744.0,6239.319,504.68115234375
4955.0,4887.6226,67.37744140625
3308.0,3570.3318,-262.331787109375
2804.0,2899.753,-95.7529296875
2418.0,2711.8586,-293.858642578125
2418.0,2045.474,372.5260009765625
1603.0,2039.7054,-436.7054443359375
1099.0,960.56793,138.43206787109375
1099.0,753.71924,345.28076171875
531.0,687.7624,-156.76239013671875
531.0,490.99155,40.008453369140625
310.0,434.0397,-124.03970336914062
291.0,420.135,-129.135009765625
331.0,616.5953,-285.59527587890625
949.0000000000001,797.6423,151.35772705078136
2857.0,2620.272,236.72802734375
5772.0,5321.4395,450.560546875
6475.0,6299.645,175.35498046875
6198.0,5862.738,335.26220703125
5391.0,5256.327,134.6728515625
4743.0,4786.865,-43.865234375
4982.0,4808.1484,173.8515625
5317.0,5169.893,147.10693359375
5322.0,5333.668,-11.66796875
5574.0,5521.492,52.5078125
6252.0,5930.531,321.46923828125
7213.0,6452.911,760.0888671875
6811.0,6093.9556,717.04443359375
5064.0,4733.8096,330.1904296875
3697.0,3766.4421,-69.442138671875
3082.0,3335.3635,-253.363525390625
2762.0,2911.4001,-149.400146484375
2053.0,2375.622,-322.6220703125
1168.0,1791.2816,-623.2816162109375
633.0,865.84534,-232.8453369140625
387.0,466.76382,-79.76382446289062
306.0,279.73932,26.26068115234375
356.0,444.00397,-88.00396728515625
846.0,754.63586,91.3641357421875
2721.0,2934.057,-213.056884765625
5426.0,5987.665,-561.6650390625
6585.0,6584.7,0.2998046875
5894.0,6114.765,-220.76513671875
5227.0,5147.957,79.04296875
5227.0,4897.2974,329.70263671875
4853.0,5367.624,-514.6240234375
5233.0,5132.5874,100.41259765625
5233.0,5384.9316,-151.931640625
5302.0,5429.3584,-127.3583984375
5302.0,5787.1313,-485.13134765625
5174.0,5874.799,-700.798828125
5174.0,5565.404,-391.40380859375
5174.0,5312.5093,-138.50927734375
5330.0,5196.6226,133.37744140625
5953.0,5482.344,470.65576171875
6686.0,6127.979,558.02099609375
6686.0,6054.5737,631.42626953125
6686.0,5435.882,1250.1181640625
5687.0,5588.6777,98.322265625
5687.0,4595.5244,1091.4755859375
4167.0,4524.4487,-357.44873046875
4167.0,3887.0776,279.92236328125
4167.0,3949.0596,217.9404296875
2882.0,3748.381,-866.381103515625
2882.0,2753.575,128.425048828125
2882.0,2679.7246,202.275390625
2320.0,2933.657,-613.656982421875
2320.0,2198.694,121.305908203125
2320.0,2114.572,205.427978515625
2320.0,2098.4229,221.5771484375
2158.0,1966.0397,191.9603271484375
2158.0,1892.1703,265.8297119140625
2158.0,1876.9796,281.0203857421875
2158.0,1947.2155,210.7845458984375
2158.0,1949.5022,208.497802734375
1773.0,1929.5592,-156.5592041015625
1773.0,1625.955,147.0450439453125
1773.0,1473.3416,299.658447265625
1773.0,1418.3896,354.6103515625
1143.0,1397.4454,-254.4454345703125
1143.0,944.9356,198.06439208984375
1143.0,827.3861,315.6138916015625
625.0,826.6132,-201.61322021484375
625.0,490.16003,134.8399658203125
441.0,411.942,29.058013916015625
441.0,256.54056,184.45944213867188
441.0,349.91245,91.08755493164062
397.0,401.77505,-4.775054931640625
397.0,453.65265,-56.65264892578125
397.0,506.77014,-109.7701416015625
309.0,503.8736,-194.87359619140625
309.0,435.5687,-126.56869506835938
300.0,396.36804,-96.3680419921875
300.0,396.66165,-96.66165161132812
300.0,462.63983,-162.63983154296875
540.0,467.12747,72.87252807617188
985.9999999999999,948.3203,37.679687499999886
985.9999999999999,1691.7896,-705.7895507812501
1311.0,2413.3057,-1102.3056640625
1311.0,2829.0066,-1518.006591796875
1489.0,1988.4463,-499.4462890625
1489.0,2093.1501,-604.150146484375
1489.0,2000.9552,-511.9552001953125
1755.0,1894.8672,-139.8671875
1755.0,1920.9736,-165.9736328125
1755.0,1882.9955,-127.9954833984375
1755.0,1862.7268,-107.726806640625
1755.0,1759.9904,-4.9903564453125
1977.9999999999998,1679.7515,298.2485351562498
1977.9999999999998,1831.7411,146.25891113281227
1977.9999999999998,1894.6289,83.37109374999977
1977.9999999999998,1980.2096,-2.2095947265627274
2153.0,2002.0206,150.9793701171875
2153.0,2177.2434,-24.243408203125
2153.0,2203.8645,-50.864501953125
2153.0,2192.5835,-39.58349609375
2147.0,2143.1228,3.877197265625
2147.0,2079.477,67.52294921875
2147.0,2033.0103,113.98974609375
1986.9999999999998,2008.7968,-21.796752929687727
1986.9999999999998,1868.4274,118.57263183593727
1986.9999999999998,1834.7273,152.27270507812477
1986.9999999999998,1824.9497,162.05029296874977
1822.0,1823.9396,-1.9395751953125
1822.0,1695.3496,126.650390625
1881.0000000000002,1666.1621,214.83789062500023
1881.0000000000002,1714.2959,166.70410156250023
1461.0,1733.2588,-272.2587890625
1461.0,1393.287,67.7130126953125
1461.0,1290.1925,170.8074951171875
1478.0,1287.3805,190.6195068359375
1478.0,1324.7296,153.2703857421875
1068.0,1390.9727,-322.97265625
1068.0,1077.1096,-9.109619140625
881.0,921.9209,-40.9208984375
881.0,739.2152,141.7847900390625
881.0,699.82886,181.171142578125
618.0,755.22076,-137.22076416015625
618.0,649.8493,-31.84930419921875
618.0,529.6254,88.37457275390625
618.0,492.21643,125.7835693359375
707.0,547.3911,159.60888671875
707.0,729.5273,-22.52728271484375
707.0,884.9571,-177.95709228515625
594.0,915.15045,-321.15045166015625
594.0,742.15204,-148.15203857421875
594.0,576.8896,17.11041259765625
526.0,567.434,-41.43402099609375
526.0,608.20325,-82.2032470703125
526.0,628.85077,-102.85076904296875
353.0,614.9213,-261.92132568359375
353.0,419.79648,-66.79647827148438
353.0,488.64548,-135.64547729492188
259.0,523.11066,-264.11065673828125
259.0,289.2153,-30.215301513671875
259.0,505.74753,-246.74752807617188
198.0,435.7841,-237.78408813476562
198.0,323.1456,-125.14559936523438
198.0,431.88135,-233.88134765625
151.0,439.63446,-288.63446044921875
151.0,384.29184,-233.29183959960938
151.0,494.35876,-343.3587646484375
175.0,478.05,-303.04998779296875
175.0,592.4882,-417.48822021484375
175.0,594.5427,-419.542724609375
301.0,626.85724,-325.85723876953125
301.0,684.55426,-383.55426025390625
301.0,477.05017,-176.0501708984375
490.0,803.6141,-313.61407470703125
490.0,685.49316,-195.4931640625
490.0,608.7461,-118.74609375
634.0,932.9549,-298.95489501953125
634.0,794.0352,-160.03521728515625
674.0,321.8124,352.1875915527344
674.0,344.35727,329.6427307128906
674.0,416.33914,257.6608581542969
983.9999999999999,481.8911,502.1088867187499
983.9999999999999,709.9721,274.02789306640614
983.9999999999999,885.9507,98.04931640624989
1494.0,1072.1378,421.8621826171875
1494.0,1436.1383,57.8616943359375
1794.0,1659.4225,134.5775146484375
1794.0,2005.7494,-211.7493896484375
2037.0,2103.8323,-66.832275390625
2205.0,2286.2317,-81.231689453125
2205.0,2402.7327,-197.732666015625
2205.0,2409.8872,-204.88720703125
2406.0,2362.5393,43.460693359375
2406.0,2460.66,-54.659912109375
2171.0,2394.5818,-223.581787109375
2171.0,2143.3408,27.6591796875
2109.0,2024.4983,84.501708984375
2109.0,1883.5841,225.4158935546875
1849.0,1860.2604,-11.2603759765625
1849.0,1638.2368,210.76318359375
1849.0,1617.1888,231.8111572265625
1659.0,1630.4419,28.55810546875
1659.0,1487.1567,171.84326171875
1659.0,1470.956,188.0439453125
1417.0,1488.4838,-71.4837646484375
1417.0,1302.1119,114.8880615234375
1642.0,1260.1434,381.8565673828125
1642.0,1474.4198,167.5802001953125
1642.0,1578.7085,63.29150390625
2809.0,1643.0505,1165.949462890625
2809.0,2739.8447,69.1552734375
1203.0,2851.979,-1648.97900390625
1203.0,1527.1581,-324.1580810546875
706.0,1032.3905,-326.3905029296875
706.0,637.8793,68.1207275390625
407.0,371.44202,35.5579833984375
407.0,214.35109,192.64891052246094
407.0,540.43976,-133.43975830078125
272.0,479.92676,-207.9267578125
246.99999999999997,438.8485,-191.84851074218753
357.0,257.2806,99.71939086914062
779.0,466.34814,312.65185546875
2238.0,2027.2054,210.7945556640625
4364.0,4533.7915,-169.79150390625
4963.0,5169.27,-206.27001953125
4463.0,4594.589,-131.5888671875
4463.0,4131.418,331.58203125
4045.0,4352.3687,-307.36865234375
3626.0,4324.072,-698.07177734375
3860.0,3688.5828,171.417236328125
4149.0,3843.9167,305.083251953125
4110.0,4337.7734,-227.7734375
4387.0,4355.156,31.84423828125
4942.0,4840.9062,101.09375
5788.0,5383.3555,404.64453125
5567.0,5547.148,19.85205078125
4061.0,4505.6914,-444.69140625
2979.0,2965.1448,13.855224609375
2556.0,2671.7385,-115.738525390625
2100.0,2335.2417,-235.24169921875
1489.0,1769.6256,-280.6256103515625
978.0,1230.8977,-252.897705078125
524.0,583.191,-59.19097900390625
336.0,390.81598,-54.81597900390625
271.0,196.64062,74.359375
347.0,236.5016,110.49839782714844
898.0,1236.487,-338.487060546875
2848.0,3155.6006,-307.6005859375
5516.0,5692.6484,-176.6484375
6208.0,6164.676,43.32421875
5892.0,5627.766,264.23388671875
5677.0,4998.314,678.68603515625
4456.0,4818.107,-362.10693359375
4715.0,4385.561,329.43896484375
4962.0,4934.8604,27.1396484375
4913.0,5016.9756,-103.9755859375
5220.0,5139.789,80.2109375
5844.0,5699.881,144.119140625
6657.0,6445.956,211.0439453125
6277.0,6231.7046,45.29541015625
4827.0,4718.875,108.125
3481.0,3578.8196,-97.819580078125
2877.0,3107.636,-230.635986328125
3418.0,2760.5725,657.427490234375
3294.0,2762.6418,531.358154296875
1297.0,1869.5465,-572.5465087890625
826.0,989.99146,-163.991455078125
594.0,437.36505,156.63494873046875
431.0,437.06894,-6.068939208984375
521.0,422.1374,98.86260986328125
975.0,1034.013,-59.012939453125
2986.0,2786.6238,199.376220703125
5943.0,5562.923,380.0771484375
6871.0,6439.357,431.64306640625
6614.0,6208.564,405.43603515625
5378.0,5557.97,-179.97021484375
4751.0,4808.0493,-57.04931640625
4824.0,4952.4023,-128.40234375
4824.0,5145.5933,-321.59326171875
5013.0,4956.445,56.55517578125
5013.0,5273.7705,-260.7705078125
5017.0,5466.3813,-449.38134765625
5437.0,5448.1187,-11.11865234375
5835.0,5994.7695,-159.76953125
7022.0,5932.3276,1089.67236328125
6459.0,6152.0063,306.99365234375
6459.0,4920.413,1538.5869140625
4663.0,5465.063,-802.06298828125
3393.0,3853.7776,-460.777587890625
3034.0,3159.4429,-125.44287109375
2604.0,2845.0278,-241.02783203125
1726.0,2132.6147,-406.61474609375
1085.0,1416.1486,-331.1485595703125
561.0,761.6882,-200.68817138671875
351.0,430.2608,-79.26080322265625
275.0,361.63376,-86.63375854492188
361.0,489.4687,-128.46868896484375
909.0,986.5949,-77.59490966796875
2885.0,3173.6973,-288.697265625
5715.0,5893.632,-178.6318359375
6461.0,6393.6826,67.3173828125
6046.0,5855.12,190.8798828125
5842.0,5208.2124,633.78759765625
4882.0,5149.162,-267.162109375
5035.0,4935.479,99.52099609375
5027.0,5263.642,-236.64208984375
5110.0,5146.261,-36.26123046875
5444.0,5244.0415,199.95849609375
6188.0,5794.0127,393.9873046875
6851.0,6591.418,259.58203125
6368.0,6268.44,99.56005859375
4978.0,4874.482,103.51806640625
3676.0,3819.2666,-143.2666015625
3471.0,3298.3503,172.649658203125
3451.0,3199.6738,251.326171875
2148.0,2750.8318,-602.831787109375
1273.0,1744.7416,-471.7415771484375
712.0,884.20184,-172.20184326171875
417.0,516.0803,-99.080322265625
322.0,272.01273,49.987274169921875
393.0,352.66583,40.33416748046875
830.0,971.92444,-141.9244384765625
2691.0,2904.7368,-213.73681640625
5492.0,5824.7705,-332.7705078125
6626.0,6482.4883,143.51171875
6126.0,6093.232,32.76806640625
5141.0,5295.9473,-154.947265625
4670.0,4835.112,-165.11181640625
5200.0,5032.8813,167.11865234375
5433.0,5402.2886,30.71142578125
5370.0,5474.1665,-104.16650390625
5803.0,5704.8086,98.19140625
6383.0,6216.574,166.42578125
6900.0,6593.7734,306.2265625
6268.0,5895.6304,372.36962890625
4959.0,4983.843,-24.8427734375
4091.0,3881.2202,209.77978515625
3552.0,3436.7307,115.269287109375
3538.0,3256.368,281.632080078125
2842.0,3035.9688,-193.96875
1976.9999999999998,2387.4197,-410.4196777343752
1291.0,1635.917,-344.9169921875
732.0,906.0202,-174.02020263671875
526.0,571.79144,-45.79144287109375
386.0,392.5723,-6.572296142578125
369.0,411.09146,-42.091461181640625
683.0,753.70905,-70.70904541015625
1418.0,2144.334,-726.333984375
2307.0,3240.4639,-933.4638671875
3392.0,3619.5579,-227.557861328125
4153.0,4013.399,139.60107421875
4464.0,4558.7827,-94.78271484375
4985.0,4830.967,154.033203125
5263.0,5145.108,117.89208984375
5307.0,5231.158,75.841796875
5296.0,5172.262,123.73779296875
5340.0,5134.27,205.72998046875
5027.0,5154.0903,-127.09033203125
5007.0,4906.59,100.41015625
4541.0,4769.461,-228.4609375
3892.0,4253.947,-361.94677734375
3346.0,3629.7273,-283.727294921875
3199.0,3421.3845,-222.384521484375
3814.0,3367.478,446.52197265625
2760.0,3121.8591,-361.859130859375
1447.0,1731.1296,-284.129638671875
945.0000000000001,751.2778,193.72222900390636
671.0,532.31354,138.68646240234375
464.99999999999994,400.1948,64.80520629882807
368.0,430.47235,-62.47235107421875
563.0,441.83,121.17001342773438
904.0,791.30005,112.699951171875
1289.0,1188.7251,100.27490234375
2200.0,1895.1383,304.8616943359375
3219.0,2926.144,292.85595703125
4088.0,3852.4126,235.58740234375
4541.0,4444.114,96.88623046875
4781.0,4776.5273,4.47265625
4761.0,4879.432,-118.43212890625
4753.0,4789.4575,-36.45751953125
4866.0,4756.3374,109.66259765625
4713.0,4826.5986,-113.5986328125
4303.0,4638.868,-335.8681640625
3787.0000000000005,4045.0166,-258.01660156249955
3228.0,3370.0452,-142.045166015625
3139.0,2871.4954,267.504638671875
2412.0,2961.3171,-549.317138671875
1906.0,1996.6132,-90.6131591796875
1356.0,1418.5042,-62.504150390625
614.0,878.25946,-264.25946044921875
349.0,409.66046,-60.66046142578125
259.0,296.68277,-37.682769775390625
373.0,277.33267,95.66732788085938
900.0,1058.4305,-158.4305419921875
2864.0,2416.5022,447.497802734375
5769.0,5405.1157,363.88427734375
6574.0,6272.3105,301.689453125
5970.0,5926.992,43.0078125
5325.0,5099.5664,225.43359375
4547.0,4746.169,-199.1689453125
4577.0,4686.933,-109.93310546875
4739.0,4897.224,-158.22412109375
4803.0,4861.8853,-58.88525390625
5243.0,5021.7217,221.2783203125
5852.0,5638.027,213.97314453125
6883.0,6281.9375,601.0625
6188.0,6083.092,104.908203125
4660.0,4288.947,371.05322265625
3243.0,3521.3462,-278.34619140625
2759.0,2943.198,-184.197998046875
2183.0,2635.7466,-452.74658203125
1537.0,1851.4333,-314.433349609375
963.0,1297.7048,-334.704833984375
530.0,621.2039,-91.20391845703125
330.0,354.31845,-24.318450927734375
247.99999999999997,161.73535,86.26464843749997
346.0,338.39093,7.60906982421875
911.0,971.36707,-60.3670654296875
2936.0,3319.7905,-383.79052734375
5886.0,6037.665,-151.6650390625
6535.0,6508.36,26.64013671875
5905.0,5983.196,-78.19580078125
5509.0,5041.8853,467.11474609375
4540.0,4897.274,-357.27392578125
4957.0,4787.9766,169.0234375
4881.0,5202.2173,-321.21728515625
4960.0,4978.019,-18.01904296875
5353.0,5276.3228,76.67724609375
6010.0,5950.1104,59.8896484375
7149.0,6552.6357,596.3642578125
6253.0,6113.223,139.77685546875
4513.0,4246.685,266.31494140625
3325.0,3557.0854,-232.08544921875
3115.0,3031.7297,83.270263671875
2497.0,2824.7542,-327.754150390625
1589.0,2066.5918,-477.591796875
987.9999999999999,1317.2146,-329.2145996093751
532.0,701.65546,-169.65545654296875
310.0,354.75732,-44.75732421875
237.00000000000003,128.0999,108.90010070800784
341.0,299.43512,41.56488037109375
904.0,915.0336,-11.03363037109375
2917.0,3346.356,-429.35595703125
5866.0,6119.254,-253.25390625
6303.0,6602.5264,-299.5263671875
5850.0,5891.899,-41.89892578125
5455.0,5070.931,384.06884765625
4524.0,4999.7383,-475.73828125
4891.0,4862.275,28.72509765625
5067.0,5147.9165,-80.91650390625
5020.0,5131.1763,-111.17626953125
5276.0,5334.5645,-58.564453125
6002.0,5816.517,185.48291015625
6816.0,6551.9272,264.07275390625
6420.0,6089.4116,330.58837890625
4695.0,4728.3364,-33.33642578125
3543.0,3560.3784,-17.37841796875
3225.0,3186.8567,38.143310546875
2560.0,2953.8833,-393.88330078125
1618.0,2113.5588,-495.558837890625
1023.0,1364.7472,-341.7471923828125
551.0,715.0578,-164.05780029296875
358.0,389.43152,-31.4315185546875
255.0,234.28285,20.717147827148438
350.0,318.5464,31.45361328125
899.0,904.2668,-5.26678466796875
2953.0,3260.4812,-307.481201171875
5813.0,6071.354,-258.35400390625
6493.0,6553.9604,-60.96044921875
5890.0,5983.042,-93.0419921875
5495.0,5083.1743,411.82568359375
4675.0,4987.665,-312.6650390625
5110.0,4968.897,141.10302734375
5078.0,5345.6187,-267.61865234375
5281.0,5188.509,92.4912109375
5661.0,5571.55,89.4501953125
6257.0,6167.9033,89.0966796875
7139.0,6595.446,543.55419921875
6372.0,6139.727,232.27294921875
5068.0,4625.9927,442.00732421875
3813.0,3901.0635,-88.0634765625
3338.0,3381.5388,-43.538818359375
3058.0,3127.1204,-69.120361328125
2171.0,2628.093,-457.093017578125
1253.0,1823.7316,-570.7315673828125
683.0,888.7625,-205.76251220703125
422.0,504.07416,-82.07415771484375
328.0,305.04645,22.95355224609375
380.0,418.9655,-38.96551513671875
849.0,847.1121,1.88787841796875
2744.0,2938.1401,-194.14013671875
5573.0,5897.167,-324.1669921875
6712.0,6527.476,184.52392578125
6109.0,6157.2144,-48.21435546875
5414.0,5271.4688,142.53125
4946.0,4990.5166,-44.5166015625
5365.0,5168.415,196.5849609375
5622.0,5530.4297,91.5703125
5487.0,5618.251,-131.2509765625
6005.0,5696.497,308.5029296875
6560.0,6263.511,296.48876953125
6471.0,6520.4956,-49.49560546875
6459.0,5448.9854,1010.0146484375
5355.0,5653.9214,-298.92138671875
4083.0,4349.4385,-266.4384765625
3319.0,3572.9187,-253.918701171875
3384.0,3276.1956,107.804443359375
2709.0,3067.2324,-358.232421875
1942.0,2196.8936,-254.8935546875
1097.0,1520.9657,-423.9656982421875
725.0,731.7263,-6.726318359375
531.0,546.3498,-15.34979248046875
382.0,425.04605,-43.046051025390625
365.0,406.88974,-41.889739990234375
744.0,753.5436,-9.5435791015625
1366.0,2175.2595,-809.259521484375
2330.0,2618.1863,-288.186279296875
3736.9999999999995,3330.3018,406.69824218749955
4509.0,4413.6533,95.3466796875
4752.0,4951.81,-199.81005859375
5130.0,5080.317,49.68310546875
5453.0,5259.0747,193.92529296875
5529.0,5365.6567,163.34326171875
5191.0,5306.545,-115.544921875
4925.0,5044.662,-119.662109375
5034.0,4866.197,167.80322265625
4991.0,4921.59,69.41015625
4300.0,4860.7837,-560.78369140625
3764.0000000000005,4069.8967,-305.89672851562455
3189.0,3556.975,-367.97509765625
3076.0,3402.6604,-326.660400390625
2900.0,3091.2993,-191.29931640625
3360.0,2407.6572,952.3427734375
1532.0,2356.851,-824.85107421875
821.0,758.9196,62.08038330078125
601.0,470.107,130.89300537109375
347.0,319.42676,27.5732421875
280.0,324.8764,-44.87640380859375
427.0,423.16425,3.83575439453125
839.0,772.2686,66.73138427734375
1397.0,1247.9192,149.080810546875
2153.0,2189.9329,-36.932861328125
3258.0,3066.37,191.6298828125
3848.0,3901.6548,-53.65478515625
4381.0,4273.969,107.03076171875
4886.0,4571.2275,314.7724609375
4828.0,4969.948,-141.9482421875
4715.0,4861.2964,-146.29638671875
4570.0,4706.4917,-136.49169921875
4886.0,4594.859,291.14111328125
4390.0,4804.36,-414.35986328125
3903.0,4219.865,-316.865234375
3351.0,3502.5322,-151.5322265625
3026.0,2994.7969,31.203125
2367.0,2876.062,-509.06201171875
1703.0,2127.0127,-424.0126953125
1035.0,1249.2605,-214.260498046875
541.0,590.5217,-49.521728515625
327.0,376.7131,-49.713104248046875
275.0,259.7186,15.281402587890625
355.0,409.41986,-54.41986083984375
891.0,947.02936,-56.02935791015625
891.0,2569.2913,-1678.291259765625
2871.0,1404.6177,1466.38232421875
2871.0,4181.579,-1310.5791015625
5730.0,3954.184,1775.81591796875
6633.0,5898.74,734.259765625
5724.0,6386.2344,-662.234375
5171.0,5565.6694,-394.66943359375
5171.0,5082.6494,88.3505859375
4523.0,5187.8765,-664.87646484375
4523.0,4869.4873,-346.4873046875
4619.0,4865.237,-246.23681640625
4825.0,4824.3,0.7001953125
4837.0,5141.0337,-304.03369140625
5147.0,5282.6797,-135.6796875
5792.0,5714.915,77.0849609375
6901.0,6098.193,802.80712890625
6184.0,5932.505,251.4951171875
4568.0,4347.3965,220.603515625
3259.0,3464.648,-205.64794921875
2673.0,3023.706,-350.7060546875
2329.0,2563.2725,-234.2724609375
1594.0,2081.3445,-487.344482421875
1061.0,1395.5846,-334.5845947265625
576.0,725.5045,-149.5045166015625
395.0,384.80014,10.199859619140625
275.0,257.56763,17.432373046875
370.0,304.97507,65.02493286132812
916.0,976.6542,-60.6541748046875
2893.0,3237.9731,-344.97314453125
5653.0,5943.1304,-290.13037109375
6046.0,6412.2036,-366.20361328125
6140.0,5649.6187,490.38134765625
5420.0,5211.2866,208.71337890625
4468.0,4795.4507,-327.45068359375
4473.0,4647.474,-174.47412109375
5111.0,4689.5405,421.45947265625
4988.0,5069.3384,-81.33837890625
4926.0,5175.686,-249.68603515625
5802.0,5324.4844,477.515625
6900.0,6401.3516,498.6484375
6410.0,6073.1274,336.87255859375
4866.0,4508.531,357.46923828125
3411.0,3600.0852,-189.085205078125
2907.0,3081.4082,-174.408203125
2287.0,2776.9382,-489.938232421875
1438.0,1964.8158,-526.8157958984375
1093.0,1304.6965,-211.696533203125
1093.0,779.3153,313.6846923828125
517.0,650.47974,-133.479736328125
517.0,533.19183,-16.19183349609375
517.0,364.5406,152.45941162109375
517.0,1047.0347,-530.03466796875
324.0,1537.1183,-1213.1182861328125
324.0,976.1785,-652.1785278320312
324.0,864.0716,-540.0715942382812
253.0,585.0099,-332.0098876953125
253.0,557.68,-304.67999267578125
253.0,645.53644,-392.53643798828125
351.0,617.15546,-266.15545654296875
351.0,654.281,-303.281005859375
915.0,760.5533,154.44671630859375
915.0,700.7977,214.2022705078125
2959.0,962.4343,1996.565673828125
5910.0,2746.1084,3163.8916015625
6606.0,5637.852,968.14794921875
5676.0,6494.7563,-818.75634765625
5638.0,5421.8926,216.107421875
4815.0,5378.673,-563.6728515625
4999.0,4913.149,85.85107421875
5088.0,5219.3667,-131.36669921875
5034.0,5272.3384,-238.33837890625
5179.0,5349.4854,-170.4853515625
5913.0,5572.8633,340.13671875
6935.0,6189.59,745.41015625
6291.0,6100.4814,190.5185546875
4763.0,4581.1455,181.8544921875
3518.0,3575.186,-57.18603515625
3114.0,3132.768,-18.76806640625
2634.0,2924.1658,-290.165771484375
1721.0,2184.9722,-463.97216796875
1074.0,1365.3832,-291.3831787109375
591.0,717.7834,-126.78338623046875
373.0,410.5614,-37.5614013671875
259.0,208.99486,50.00514221191406
345.0,285.056,59.944000244140625
936.9999999999999,825.3942,111.60577392578114
3025.0,3405.4353,-380.435302734375
5893.0,6130.147,-237.14697265625
6457.0,6538.916,-81.916015625
6084.0,5927.5117,156.48828125
5289.0,5146.926,142.07421875
4763.0,4832.995,-69.9951171875
4987.0,5043.2163,-56.21630859375
5210.0,5210.8267,-0.82666015625
5332.0,5284.9404,47.0595703125
5462.0,5582.421,-120.4208984375
6103.0,5968.6396,134.3603515625
6977.0,6609.091,367.9091796875
6630.0,6194.168,435.83203125
5019.0,4900.707,118.29296875
3664.0,3801.17,-137.169921875
3325.0,3297.7554,27.24462890625
2716.0,3089.713,-373.712890625
1918.0,2216.0017,-298.001708984375
1308.0,1653.7264,-345.7264404296875
1308.0,881.49774,426.50225830078125
655.0,750.8091,-95.80908203125
393.0,584.71625,-191.71624755859375
338.0,221.98225,116.01774597167969
409.0,495.29593,-86.29592895507812
882.0,1234.0613,-352.061279296875
2841.0,3122.0813,-281.081298828125
5503.0,5708.7505,-205.75048828125
6587.0,6298.75,288.25
5771.0,6015.1826,-244.1826171875
5156.0,5154.0493,1.95068359375
4982.0,4885.775,96.22509765625
5275.0,5192.6963,82.3037109375
5528.0,5464.75,63.25
5557.0,5556.999,0.0009765625
5869.0,5689.5835,179.41650390625
6262.0,6182.7363,79.263671875
6662.0,6323.6,338.39990234375
6014.0,6004.217,9.783203125
5024.0,4740.5186,283.4814453125
4000.0000000000005,3899.645,100.35498046875045
3541.0,3464.4934,76.506591796875
3323.0,3398.576,-75.575927734375
2718.0,2946.708,-228.7080078125
2103.0,2342.696,-239.696044921875
1446.0,1716.6305,-270.6304931640625
691.0,1069.2245,-378.2244873046875
345.0,517.3703,-172.37030029296875
399.0,216.99252,182.00747680664062
687.0,734.76624,-47.7662353515625
1382.0,2220.492,-838.491943359375
2248.0,3358.098,-1110.097900390625
3095.0,3333.3118,-238.311767578125
3848.0,3600.0188,247.981201171875
3915.0,4251.934,-336.93408203125
4280.0,4304.1753,-24.17529296875
4775.0,4528.0415,246.95849609375
4730.0,4897.9565,-167.95654296875
4394.0,4766.651,-372.65087890625
4699.0,4351.052,347.9482421875
4580.0,4659.998,-79.998046875
4539.0,4472.4287,66.5712890625
4156.0,4290.8994,-134.8994140625
4156.0,3758.353,397.64697265625
3146.0,3635.498,-489.498046875
3146.0,3042.2917,103.708251953125
3146.0,3156.4514,-10.451416015625
2767.0,2780.1206,-13.12060546875
2767.0,2151.7983,615.20166015625
2922.0,2076.1724,845.82763671875
3145.0,2171.0376,973.96240234375
2432.0,2353.3003,78.69970703125
1674.0,1957.9069,-283.9068603515625
784.0,1349.1156,-565.1156005859375
784.0,630.802,153.197998046875
509.0,533.2265,-24.22650146484375
346.0,387.6877,-41.687713623046875
269.0,384.846,-115.84600830078125
459.0,406.973,52.027008056640625
998.0000000000001,711.627,286.37298583984386
1332.0,1463.9539,-131.953857421875
2390.0,2253.0603,136.939697265625
3000.0,3103.8416,-103.841552734375
3568.0,3670.4795,-102.4794921875
3914.0,3946.55,-32.550048828125
4053.0,4106.072,-53.07177734375
4237.0,4179.4453,57.5546875
4295.0,4303.116,-8.1162109375
4332.0,4324.3125,7.6875
4181.0,4308.0234,-127.0234375
3738.9999999999995,4050.5479,-311.54785156250045
3778.0000000000005,3395.5784,382.42163085937545
3041.0,3314.4011,-273.401123046875
2658.0,2740.9695,-82.969482421875
2350.0,2522.341,-172.341064453125
1717.0,2023.9194,-306.91943359375
1248.0,1211.9862,36.0137939453125
597.0,754.5066,-157.506591796875
353.0,416.3196,-63.319610595703125
244.0,233.402,10.598007202148438
326.0,266.06247,59.937530517578125
875.0,1029.1973,-154.197265625
2729.0,2752.138,-23.137939453125
5780.0,5370.4126,409.58740234375
6339.0,6313.0625,25.9375
5793.0,5676.021,116.97900390625
4932.0,4914.414,17.5859375
4369.0,4422.925,-53.9248046875
4608.0,4557.0576,50.9423828125
4792.0,4855.6074,-63.607421875
4815.0,4919.7983,-104.79833984375
4969.0,5119.089,-150.0888671875
5799.0,5363.729,435.27099609375
6663.0,6246.8735,416.12646484375
6197.0,5836.296,360.7041015625
4502.0,4461.428,40.57177734375
3292.0,3351.4824,-59.482421875
2791.0,2973.1929,-182.19287109375
2494.0,2631.233,-137.23291015625
1591.0,2145.6162,-554.6162109375
1010.0,1252.2318,-242.2318115234375
585.0,670.71545,-85.7154541015625
356.0,372.854,-16.85400390625
264.0,165.45097,98.54902648925781
331.0,266.86288,64.13711547851562
868.0,789.17395,78.8260498046875
2849.0,3184.4636,-335.463623046875
5958.0,5991.95,-33.9501953125
6651.0,6544.8765,106.12353515625
6203.0,6051.361,151.63916015625
5428.0,5213.969,214.03076171875
4500.0,4790.1924,-290.1923828125
4614.0,4775.334,-161.333984375
4601.0,4909.1577,-308.15771484375
4601.0,4666.6426,-65.642578125
4583.0,4823.9624,-240.96240234375
4583.0,4883.9194,-300.91943359375
5196.0,4953.739,242.26123046875
5196.0,5830.812,-634.81201171875
5855.0,5415.591,439.4091796875
6578.0,6134.8438,443.15625
6279.0,6030.3564,248.6435546875
4545.0,5034.8374,-489.83740234375
4545.0,3448.8574,1096.142578125
3274.0,3585.1523,-311.15234375
3274.0,2892.6934,381.306640625
3044.0,3051.4084,-7.408447265625
2334.0,2543.2727,-209.272705078125
2334.0,2142.3638,191.63623046875
1513.0,1951.7925,-438.79248046875
1513.0,1311.1736,201.826416015625
1027.0,1052.8046,-25.8045654296875
1027.0,882.2507,144.74932861328125
516.0,760.5764,-244.576416015625
516.0,513.16406,2.8359375
516.0,436.78592,79.21408081054688
319.0,498.14294,-179.1429443359375
261.0,355.86182,-94.86181640625
340.0,337.51385,2.48614501953125
340.0,461.2397,-121.23968505859375
885.0,553.99817,331.0018310546875
2881.0,1682.3988,1198.6011962890625
6008.0,4935.281,1072.71923828125
6523.0,6154.838,368.162109375
6523.0,5881.9683,641.03173828125
6254.0,5572.331,681.6689453125
5210.0,5377.1646,-167.16455078125
5210.0,4861.268,348.73193359375
5210.0,5144.6543,65.345703125
4720.0,5308.8677,-588.86767578125
4693.0,4954.2725,-261.2724609375
4693.0,4875.6543,-182.654296875
4840.0,4955.0894,-115.08935546875
4933.0,5122.5557,-189.5556640625
4933.0,5280.66,-347.66015625
5109.0,5207.3706,-98.37060546875
5109.0,5322.3164,-213.31640625
6159.0,5408.389,750.61083984375
6844.0,6480.93,363.06982421875
6844.0,5887.924,956.076171875
6436.0,5299.7935,1136.20654296875
4768.0,5059.563,-291.56298828125
3511.0,3896.1223,-385.122314453125
3287.0,3276.23,10.77001953125
2734.0,3015.7817,-281.78173828125
1736.0,2218.865,-482.864990234375
1466.0,1361.5205,104.4794921875
633.0,1185.0127,-552.0126953125
364.0,444.69577,-80.69577026367188
270.0,391.67252,-121.67251586914062
374.0,546.62854,-172.6285400390625
927.9999999999999,1175.8179,-247.8178710937501
2881.0,3157.2815,-276.281494140625
5840.0,5792.8145,47.185546875
6197.0,6412.5444,-215.54443359375
5690.0,5657.288,32.7119140625
5568.0,5084.2773,483.72265625
4691.0,5208.7124,-517.71240234375
5120.0,4966.3647,153.63525390625
5268.0,5340.403,-72.40283203125
5140.0,5333.632,-193.6318359375
5599.0,5414.0225,184.9775390625
6364.0,6070.0557,293.9443359375
7074.0,6572.9805,501.01953125
6722.0,5895.72,826.27978515625
5110.0,5056.29,53.7099609375
3824.0,3918.2236,-94.2236328125
3310.0,3452.6577,-142.65771484375
2906.0,3058.7708,-152.770751953125
2014.0000000000002,2497.6106,-483.6105957031248
1287.0,1740.1458,-453.145751953125
660.0,953.32526,-293.32525634765625
379.0,504.54086,-125.54086303710938
302.0,255.23883,46.76116943359375
342.0,450.031,-108.031005859375
814.0,756.4158,57.584228515625
2640.0,2842.0134,-202.013427734375
5561.0,5900.367,-339.3671875
6472.0,6566.58,-94.580078125
6472.0,6038.781,433.21923828125
5594.0,5458.392,135.60791015625
5189.0,4981.827,207.1728515625
4978.0,5217.566,-239.56591796875
5292.0,5205.906,86.09423828125
5530.0,5381.6104,148.3896484375
5323.0,5509.0156,-186.015625
5648.0,5670.3174,-22.3173828125
6354.0,6149.8184,204.181640625
6858.0,6531.7563,326.24365234375
5773.0,5794.881,-21.880859375
5138.0,4349.77,788.22998046875
5138.0,4038.2651,1099.73486328125
3863.0,3926.91,-63.909912109375
3863.0,3567.8696,295.13037109375
3108.0,3713.3918,-605.391845703125
3108.0,3059.7827,48.21728515625
3134.0,3027.8486,106.1513671875
2436.0,2867.0767,-431.07666015625
1740.0,2241.0405,-501.04052734375
1107.0,1372.5226,-265.5225830078125
642.0,783.993,-141.99298095703125
427.0,444.24103,-17.24102783203125
482.0,341.53607,140.46392822265625
440.0,748.2994,-308.29937744140625
809.0,557.21234,251.78765869140625
1428.0,1573.1526,-145.152587890625
2113.0,2465.8323,-352.832275390625
3110.0,3131.869,-21.868896484375
3792.0000000000005,3740.2168,51.783203125000455
4455.0,4223.275,231.72509765625
4818.0,4689.9673,128.03271484375
5167.0,4966.126,200.8740234375
4769.0,5175.6323,-406.63232421875
4631.0,4789.9976,-158.99755859375
4283.0,4648.515,-365.51513671875
4148.0,4239.8022,-91.80224609375
4148.0,3903.9382,244.061767578125
3971.9999999999995,3702.4365,269.56347656249955
3971.9999999999995,3535.1194,436.88061523437455
3735.9999999999995,3579.155,156.84497070312455
3060.0,3397.2832,-337.283203125
2718.0,2741.7654,-23.765380859375
2727.0,2372.2354,354.7646484375
2527.0,2333.8481,193.15185546875
2033.0,2110.0776,-77.07763671875
1191.0,1724.5795,-533.5794677734375
756.0,961.0586,-205.05859375
622.0,538.2158,83.7841796875
353.0,485.47043,-132.47042846679688
342.0,324.7684,17.231597900390625
460.0,418.5993,41.40069580078125
868.0,741.25684,126.7431640625
1304.0,1519.5686,-215.568603515625
1965.0,2294.7969,-329.796875
3117.0,2917.8481,199.15185546875
3724.9999999999995,3708.4443,16.555664062499545
3983.0000000000005,4102.7505,-119.75048828124955
4088.0,4203.9956,-115.99560546875
4184.0,4180.383,3.6171875
4091.0,4219.8296,-128.82958984375
4072.0,4103.2227,-31.22265625
4169.0,4022.165,146.8349609375
3827.0,4034.3274,-207.327392578125
3555.0,3531.0913,23.90869140625
3256.0,3118.0046,137.995361328125
3049.0,2887.095,161.905029296875
2586.0,2774.668,-188.66796875
1759.0,2217.9023,-458.90234375
1077.0,1263.422,-186.4219970703125
598.0,611.5991,-13.59912109375
366.0,388.97272,-22.97271728515625
243.0,293.89984,-50.89984130859375
308.0,313.9844,-5.984405517578125
875.0,896.8324,-21.8323974609375
2816.0,2674.0884,141.91162109375
5792.0,5459.3213,332.6787109375
5792.0,6301.934,-509.93408203125
6559.0,5303.358,1255.64208984375
5870.0,5602.559,267.44091796875
5052.0,4863.079,188.9208984375
4392.0,4732.71,-340.7099609375
4573.0,4637.6245,-64.62451171875
4794.0,4755.146,38.85400390625
4831.0,4846.2544,-15.25439453125
5025.0,5133.4277,-108.427734375
5598.0,5454.34,143.66015625
5598.0,6218.818,-620.81787109375
6463.0,5719.7344,743.265625
5971.0,6349.1494,-378.1494140625
4545.0,4773.5146,-228.5146484375
3113.0,3542.4214,-429.42138671875
3113.0,2850.6567,262.34326171875
3113.0,2895.601,217.39892578125
2681.0,2364.115,316.885009765625
2681.0,2011.796,669.2039794921875
2681.0,1899.6307,781.3692626953125
2293.0,2052.5586,240.44140625
2293.0,1830.7123,462.2877197265625
2293.0,1799.9655,493.0345458984375
2107.0,1895.9689,211.0311279296875
2107.0,1785.8372,321.162841796875
2107.0,1725.6353,381.36474609375
1022.0,1711.7064,-689.7064208984375
555.0,1046.8668,-491.8668212890625
555.0,482.66534,72.33465576171875
555.0,381.34335,173.65664672851562
309.0,513.0789,-204.07891845703125
309.0,310.81558,-1.815582275390625
247.99999999999997,537.3394,-289.33941650390625
247.99999999999997,373.91547,-125.91546630859378
349.0,320.3023,28.69769287109375
349.0,723.2696,-374.26959228515625
349.0,686.7738,-337.7738037109375
933.9999999999999,741.76624,192.2337646484374
933.9999999999999,1096.3553,-162.3553466796876
933.9999999999999,2106.5503,-1172.55029296875
3020.0,2830.378,189.6220703125
3020.0,3157.526,-137.52587890625
5914.0,4353.269,1560.73095703125
6264.0,6030.966,233.0341796875
5433.0,6466.611,-1033.61083984375
5399.0,5413.6284,-14.62841796875
4528.0,5445.8745,-917.87451171875
4808.0,4725.8955,82.1044921875
4967.0,5021.012,-54.01220703125
5017.0,5099.9272,-82.92724609375
5380.0,5222.4233,157.57666015625
6033.0,5576.6133,456.38671875
6888.0,6011.01,876.990234375
6548.0,5987.272,560.72802734375
4953.0,4894.24,58.759765625
3602.0,3663.2935,-61.29345703125
3050.0,3192.3948,-142.394775390625
2773.0,2883.4148,-110.414794921875
3335.0,2357.541,977.458984375
2286.0,2358.2925,-72.29248046875
720.0,1467.1948,-747.19482421875
442.0,676.6162,-234.6162109375
352.0,236.74146,115.258544921875
367.0,456.05264,-89.05264282226562
895.0,768.3139,126.68609619140625
3014.0,3056.472,-42.471923828125
5844.0,5870.4043,-26.404296875
5988.0,6461.808,-473.80810546875
5293.0,5678.822,-385.82177734375
5122.0,4938.9204,183.07958984375
4941.0,5147.972,-206.97216796875
5110.0,5339.5103,-229.51025390625
5042.0,5380.231,-338.23095703125
4952.0,5298.8193,-346.8193359375
5286.0,5286.7197,-0.7197265625
5871.0,5837.4717,33.5283203125
6775.0,6369.628,405.3720703125
6123.0,6056.8804,66.11962890625
4717.0,4561.689,155.31103515625
3697.0,3716.2527,-19.252685546875
3387.0,3273.8398,113.16015625
3187.0,3075.3289,111.671142578125
2443.0,2656.2146,-213.214599609375
2291.0,1868.5317,422.46826171875
684.0,1549.2974,-865.29736328125
494.99999999999994,615.2434,-120.24340820312506
294.0,284.28632,9.71368408203125
364.0,232.53632,131.46368408203125
928.9999999999999,895.0072,33.992797851562386
2935.0,3252.8477,-317.84765625
5846.0,5873.5024,-27.50244140625
6323.0,6477.889,-154.88916015625
5494.0,5787.4766,-293.4765625
5299.0,4988.9424,310.0576171875
4444.0,5101.0845,-657.08447265625
4913.0,4856.859,56.14111328125
5120.0,5128.323,-8.3232421875
5096.0,5206.5664,-110.56640625
5480.0,5476.8984,3.1015625
6289.0,5997.295,291.705078125
6594.0,6516.983,77.01708984375
6171.0,5665.5464,505.45361328125
4989.0,4917.6543,71.345703125
3647.0,3828.1433,-181.143310546875
3400.0,3222.4426,177.557373046875
3238.0,3167.0134,70.986572265625
2677.0,2666.638,10.362060546875
1852.0,2142.2683,-290.268310546875
736.0,1506.3081,-770.30810546875
453.0,550.3015,-97.301513671875
365.0,299.5204,65.4796142578125
351.0,405.14874,-54.14874267578125
846.0,698.2571,147.742919921875
2786.0,2963.4382,-177.438232421875
5552.0,5778.4736,-226.4736328125
6583.0,6397.937,185.06298828125
5321.0,6027.719,-706.71923828125
4984.0,4941.7104,42.28955078125
4736.0,4999.4976,-263.49755859375
5133.0,5183.824,-50.82421875
5337.0,5367.632,-30.6318359375
5316.0,5540.325,-224.3251953125
5810.0,5719.9966,90.00341796875
6400.0,6295.6216,104.37841796875
6496.0,6448.205,47.794921875
6197.0,5375.0537,821.9462890625
5241.0,5210.5,30.5
3850.0,4093.6184,-243.618408203125
3441.0,3345.1953,95.8046875
3196.0,3262.2715,-66.271484375
2728.0,2786.9653,-58.96533203125
2728.0,2297.9956,430.00439453125
1797.0,2086.9124,-289.912353515625
1420.0,1482.9,-62.9000244140625
855.0,966.9991,-111.99908447265625
639.0,662.79816,-23.79815673828125
493.99999999999994,453.77737,40.22262573242182
477.0,435.45837,41.5416259765625
806.0,662.3451,143.6549072265625
1430.0,1157.4203,272.5797119140625
2062.0,2103.1345,-41.134521484375
3277.0,3067.9387,209.061279296875
3569.0,3888.5808,-319.580810546875
3569.0,4092.9119,-523.911865234375
3857.0,3912.1445,-55.14453125
3857.0,4041.5737,-184.57373046875
4112.0,4006.3936,105.6064453125
4259.0,4187.7734,71.2265625
4542.0,4279.273,262.72705078125
4802.0,4499.114,302.88623046875
4598.0,4691.955,-93.955078125
4398.0,4468.741,-70.7412109375
4133.0,4129.1123,3.8876953125
3640.0,3715.8677,-75.86767578125
2979.0,3302.5469,-323.546875
2706.0,2917.7332,-211.733154296875
2705.0,2660.2866,44.71337890625
2714.0,2330.8787,383.121337890625
2047.0,1938.6207,108.3792724609375
1216.0,1417.0481,-201.048095703125
761.0,750.8343,10.16571044921875
525.0,461.55753,63.442474365234375
324.0,334.16367,-10.163665771484375
273.0,324.73917,-51.739166259765625
433.0,510.33093,-77.3309326171875
850.0,732.517,117.48297119140625
1242.0,1140.7245,101.2755126953125
1829.0,1858.5157,-29.5157470703125
2638.0,2544.4177,93.582275390625
3501.0,3257.146,243.85400390625
4300.0,3817.3286,482.67138671875
4661.0,4503.3857,157.6142578125
3955.9999999999995,4834.6567,-878.6567382812505
3932.0,4054.7434,-122.743408203125
3920.0,3943.4402,-23.440185546875
3937.9999999999995,4004.868,-66.86791992187545
3768.0000000000005,3847.7925,-79.79248046874955
3378.0,3523.4941,-145.494140625
2842.0,3007.8228,-165.82275390625
2692.0,2513.5017,178.498291015625
2194.0,2429.4016,-235.401611328125
1696.0,1763.2054,-67.2054443359375
1107.0,1190.005,-83.0050048828125
652.0,706.6383,-54.6383056640625
350.0,422.8001,-72.80010986328125
321.0,258.11948,62.880523681640625
333.0,433.28644,-100.28643798828125
860.0,768.4309,91.569091796875
2796.0,2367.5664,428.43359375
5721.0,5311.9653,409.03466796875
6799.0,6216.153,582.84716796875
6799.0,6119.0264,679.9736328125
5726.0,5620.538,105.4619140625
5726.0,4814.1807,911.8193359375
4865.0,5087.533,-222.533203125
4254.0,4913.327,-659.3271484375
4454.0,4546.491,-92.4912109375
4810.0,4494.516,315.48388671875
2040.0,4869.2227,-2829.22265625
4224.0,847.46796,3376.5320434570312
5895.0,4749.4736,1145.5263671875
6968.0,4954.1323,2013.86767578125
6134.0,5652.302,481.6982421875
4586.0,4787.441,-201.44091796875
3249.0,3569.3896,-320.3896484375
2699.0,2439.924,259.075927734375
2318.0,2563.373,-245.373046875
1668.0,2696.9304,-1028.930419921875
1060.0,1473.0017,-413.001708984375
554.0,268.26956,285.7304382324219
333.0,144.6923,188.3076934814453
249.00000000000003,562.8133,-313.81329345703125
337.0,577.9411,-240.94110107421875
886.0,1282.3699,-396.369873046875
3026.0,3461.9832,-435.983154296875
3026.0,5893.6807,-2867.6806640625
5875.0,5564.443,310.55712890625
5875.0,6125.4443,-250.4443359375
6019.0,5086.874,932.1259765625
5752.0,5324.7837,427.21630859375
5085.0,4984.59,100.41015625
4450.0,4801.628,-351.6279296875
4631.0,4606.963,24.037109375
4760.0,4713.0684,46.931640625
4840.0,4709.772,130.22802734375
5197.0,5156.2627,40.7373046875
5901.0,5662.2466,238.75341796875
6907.0,6271.013,635.98681640625
6371.0,6063.0947,307.9052734375
4649.0,4571.6133,77.38671875
3367.0,3503.6973,-136.697265625
3028.0,3010.402,17.597900390625
3047.0,2751.0986,295.9013671875
1953.0,2487.7598,-534.759765625
1084.0,1634.893,-550.8929443359375
599.0,842.45886,-243.4588623046875
363.0,424.20224,-61.202239990234375
303.0,253.57301,49.42698669433594
349.0,389.62842,-40.62841796875
919.0,844.67993,74.320068359375
2989.0,3227.5256,-238.525634765625
5979.0,6039.227,-60.22705078125
6641.0,6529.5938,111.40625
6641.0,6071.704,569.2958984375
5557.0,5443.755,113.2451171875
5217.0,4841.2783,375.7216796875
4728.0,5171.3936,-443.3935546875
4956.0,5020.5396,-64.53955078125
4760.0,5103.812,-343.81201171875
4912.0,4872.5107,39.4892578125
5221.0,5261.744,-40.744140625
5959.0,5771.8604,187.1396484375
6897.0,6431.6475,465.3525390625
6228.0,5976.7188,251.28125
4632.0,4485.586,146.4140625
3359.0,3532.1956,-173.195556640625
2993.0,3059.2278,-66.227783203125
2888.0,2803.2412,84.7587890625
2028.0,2422.2883,-394.288330078125
1215.0,1592.7148,-377.71484375
628.0,871.30176,-243.3017578125
356.0,455.4767,-99.47671508789062
261.0,139.60274,121.39726257324219
363.0,285.08817,77.91183471679688
883.0,930.73975,-47.73974609375
3012.0,3197.1091,-185.109130859375
5763.0,6061.068,-298.06787109375
6298.0,6463.724,-165.72412109375
5695.0,5852.7456,-157.74560546875
5232.0,4989.879,242.12109375
4532.0,4892.0586,-360.05859375
4923.0,4891.6016,31.3984375
4969.0,5146.7056,-177.70556640625
5036.0,5069.9453,-33.9453125
5414.0,5368.02,45.97998046875
6184.0,5928.842,255.158203125
6193.0,6551.439,-358.43896484375
6107.0,5619.28,487.72021484375
4787.0,5248.2974,-461.29736328125
3745.9999999999995,3713.9077,32.092285156249545
2938.0,3253.4854,-315.4853515625
2938.0,2841.5444,96.45556640625
2938.0,2631.7744,306.2255859375
2626.0,2140.8154,485.1845703125
2626.0,1886.1458,739.854248046875
2626.0,2049.7043,576.295654296875
1938.0,2034.7354,-96.7353515625
1938.0,1525.4506,412.5494384765625
1261.0,1501.3373,-240.3372802734375
1261.0,1123.5266,137.473388671875
648.0,926.514,-278.51397705078125
648.0,620.90894,27.091064453125
430.0,472.67465,-42.674652099609375
430.0,356.4961,73.50390625
430.0,399.81708,30.18292236328125
300.0,499.46268,-199.46267700195312
329.0,424.69916,-95.69915771484375
788.0,450.86322,337.13677978515625
788.0,1398.1201,-610.1201171875
788.0,1327.5541,-539.5540771484375
2645.0,1795.0607,849.9393310546875
2645.0,3559.8018,-914.8017578125
5111.0,4326.5864,784.41357421875
5111.0,5379.396,-268.39599609375
6075.0,5480.797,594.203125
5206.0,6162.684,-956.68408203125
4859.0,5200.98,-341.97998046875
4534.0,4894.563,-360.56298828125
4928.0,4692.724,235.27587890625
5139.0,5042.0176,96.982421875
5148.0,5207.856,-59.85595703125
5403.0,5299.1885,103.8115234375
6083.0,5581.1885,501.8115234375
5753.0,6055.608,-302.60791015625
4904.0,5197.3438,-293.34375
4904.0,4047.4895,856.510498046875
4023.0000000000005,4048.2437,-25.243652343749545
4023.0000000000005,3835.9846,187.01538085937545
3334.0,3825.3354,-491.33544921875
3026.0,3292.5757,-266.57568359375
2953.0,3016.0876,-63.087646484375
2863.0,2840.2678,22.732177734375
1828.0,2565.817,-737.81689453125
1300.0,1361.8314,-61.8314208984375
719.0,794.9031,-75.903076171875
579.0,471.53693,107.46307373046875
363.0,416.64487,-53.644866943359375
376.0,364.75388,11.246124267578125
649.0,505.66092,143.33908081054688
1263.0,937.25287,325.74713134765625
1690.0,2110.3745,-420.37451171875
2392.0,2827.6729,-435.6728515625
3360.0,3107.287,252.712890625
3540.0,3879.924,-339.924072265625
3936.9999999999995,3998.8376,-61.837646484375455
4176.0,4156.3794,19.62060546875
4130.0,4349.108,-219.10791015625
3887.0,4241.1445,-354.14453125
3761.0000000000005,3924.9998,-163.99975585937455
3969.9999999999995,3641.28,328.71997070312455
3858.0,3733.829,124.1708984375
3713.9999999999995,3531.6458,182.35424804687455
2965.0,3357.8516,-392.8515625
2855.0,2711.6448,143.355224609375
2956.0,2667.6501,288.349853515625
3036.0,2526.6387,509.361328125
2141.0,2246.491,-105.490966796875
1633.0,1531.2257,101.7742919921875
829.0,1112.3903,-283.3902587890625
712.0,562.3505,149.64947509765625
486.0,422.23645,63.7635498046875
401.0,407.13315,-6.133148193359375
844.0,470.42722,373.5727844238281
1192.0,1325.3632,-133.3631591796875
1205.0,1691.9213,-486.9212646484375
1819.0,2065.9092,-246.9091796875
2660.0,2310.841,349.158935546875
3431.0,3134.3447,296.6552734375
3782.0000000000005,3748.9338,33.066162109375455
4190.0,4142.5513,47.44873046875
4139.0,4415.8047,-276.8046875
3962.9999999999995,4248.2324,-285.23242187500045
3821.0,3973.944,-152.944091796875
3738.9999999999995,3806.0024,-67.00244140625045
3266.0,3634.7622,-368.76220703125
3127.0,3000.1597,126.84033203125
2830.0,2742.5842,87.415771484375
2825.0,2473.3938,351.606201171875
2656.0,2454.3684,201.631591796875
2565.0,2136.586,428.4140625
1660.0,1956.7787,-296.7786865234375
1088.0,1161.4291,-73.4290771484375
559.0,625.6574,-66.65740966796875
440.0,360.01743,79.98257446289062
332.0,347.17947,-15.179473876953125
314.0,461.65176,-147.65176391601562
488.0,595.5256,-107.52557373046875
882.0,735.95276,146.0472412109375
988.9999999999999,1142.6866,-153.6866455078126
1294.0,1683.4716,-389.4715576171875
1872.9999999999998,1920.715,-47.71496582031273
2576.0,2378.404,197.595947265625
3037.0,3072.823,-35.822998046875
3375.0,3527.0002,-152.000244140625
3611.0,3715.4153,-104.415283203125
4032.0,3827.1614,204.838623046875
3812.0,4166.6606,-354.66064453125
3810.0,3913.957,-103.95703125
3822.0,3850.6304,-28.63037109375
3748.9999999999995,3798.0022,-49.002197265625455
3748.9999999999995,3664.773,84.22705078124955
3145.0,3584.569,-439.569091796875
3145.0,2828.0688,316.93115234375
2611.0,2834.937,-223.93701171875
2611.0,2197.0955,413.904541015625
2338.0,2245.3618,92.63818359375
2338.0,1855.6185,482.3814697265625
1936.0,1783.5444,152.45556640625
1141.0,1484.5577,-343.5577392578125
565.0,728.6378,-163.6378173828125
347.0,308.51016,38.489837646484375
239.0,260.55856,-21.558563232421875
340.0,384.70667,-44.7066650390625
828.0,916.1074,-88.107421875
2911.0,1685.7103,1225.2896728515625
5723.0,5194.2173,528.78271484375
6106.0,6129.6387,-23.638671875
5530.0,5574.4375,-44.4375
5117.0,4842.6714,274.32861328125
4530.0,4625.773,-95.77294921875
4436.0,4629.9365,-193.9365234375
4866.0,4693.9673,172.03271484375
4973.0,4975.239,-2.23876953125
5159.0,5264.4673,-105.46728515625
6018.0,5609.164,408.8359375
6820.0,6307.6523,512.34765625
6820.0,5811.8213,1008.1787109375
5990.0,5004.686,985.31396484375
5990.0,4288.467,1701.533203125
4267.0,4762.134,-495.1337890625
4267.0,3815.8186,451.181396484375
3036.0,3667.8167,-631.816650390625
3036.0,2940.686,95.31396484375
3036.0,2960.6226,75.37744140625
2466.0,2739.4617,-273.461669921875
2466.0,2469.565,-3.56494140625
2466.0,2276.223,189.777099609375
2154.0,2266.3828,-112.3828125
2154.0,1801.4404,352.5595703125
2154.0,1775.3021,378.6978759765625
1595.0,1814.4796,-219.4796142578125
1595.0,1462.9993,132.000732421875
1595.0,1385.2699,209.7301025390625
969.0,1464.7596,-495.7596435546875
969.0,990.03577,-21.0357666015625
969.0,752.4559,216.54412841796875
527.0,740.81555,-213.8155517578125
527.0,411.40308,115.596923828125
527.0,373.42383,153.576171875
351.0,399.34372,-48.343719482421875
351.0,273.75656,77.24343872070312
306.0,408.75546,-102.75546264648438
306.0,326.95032,-20.9503173828125
306.0,421.1375,-115.13751220703125
329.0,431.31616,-102.316162109375
893.0,535.59106,357.408935546875
3023.0,1556.7421,1466.2579345703125
6046.0,5447.917,598.0830078125
6326.0,6372.5825,-46.58251953125
5716.0,5659.657,56.3427734375
5283.0,5090.6987,192.30126953125
4554.0,4839.051,-285.05078125
4554.0,4758.4727,-204.47265625
4744.0,4861.034,-117.0341796875
4923.0,4969.3525,-46.3525390625
4823.0,5239.1045,-416.1044921875
4823.0,5183.661,-360.6611328125
5343.0,5162.1494,180.8505859375
5343.0,5829.5894,-486.58935546875
6062.0,5465.8813,596.11865234375
6062.0,6302.2085,-240.20849609375
6062.0,5500.336,561.6640625
7042.0,5530.966,1511.0341796875
7042.0,6465.079,576.9208984375
6429.0,6031.045,397.955078125
4621.0,5583.448,-962.4482421875
4621.0,4185.1753,435.82470703125
3555.0,3924.3298,-369.329833984375
2788.0,3460.1443,-672.144287109375
2612.0,2748.9915,-136.991455078125
1932.0,2154.2683,-222.268310546875
1233.0,1254.9052,-21.9051513671875
695.0,727.84686,-32.84686279296875
382.0,522.11255,-140.112548828125
382.0,410.05457,-28.0545654296875
382.0,588.34686,-206.34686279296875
307.0,701.88934,-394.88934326171875
307.0,309.74744,-2.7474365234375
307.0,180.61908,126.38092041015625
343.0,559.1854,-216.1854248046875
343.0,840.4387,-497.438720703125
343.0,963.178,-620.177978515625
922.0,874.3582,47.64178466796875
922.0,1400.1481,-478.1480712890625
922.0,1950.6135,-1028.613525390625
3013.0,1797.212,1215.7879638671875
3013.0,2940.8604,72.1396484375
3013.0,3598.208,-585.2080078125
6007.0,4487.3545,1519.6455078125
6007.0,6058.928,-51.92822265625
6007.0,6116.504,-109.50390625
6420.0,6086.7446,333.25537109375
6420.0,6253.7256,166.2744140625
6420.0,6092.9385,327.0615234375
5912.0,5952.9414,-40.94140625
5912.0,5526.672,385.328125
5912.0,5508.3804,403.61962890625
5313.0,5456.2144,-143.21435546875
5313.0,5157.7876,155.21240234375
4734.0,5207.7974,-473.79736328125
5008.0,4832.5356,175.46435546875
5031.0,5148.1255,-117.12548828125
5199.0,5345.2227,-146.22265625
5407.0,5563.263,-156.26318359375
5950.0,5825.9775,124.0224609375
6860.0,6255.4414,604.55859375
6358.0,6364.687,-6.68701171875
5042.0,4801.761,240.23876953125
3671.0,3836.5354,-165.535400390625
3037.0,3443.5415,-406.54150390625
3102.0,2914.8733,187.126708984375
2222.0,2747.4666,-525.466552734375
1446.0,1857.6488,-411.6488037109375
786.0,1099.0284,-313.0284423828125
496.99999999999994,540.99524,-43.99523925781256
346.0,401.2084,-55.208404541015625
395.0,329.7846,65.21539306640625
872.0,844.9362,27.06378173828125
2965.0,2918.4653,46.53466796875
5345.0,5880.919,-535.9189453125
6658.0,6252.836,405.1640625
5639.0,6112.1997,-473.19970703125
5132.0,5009.1724,122.82763671875
4739.0,4894.867,-155.8671875
5043.0,5044.2114,-1.21142578125
5387.0,5272.641,114.35888671875
5381.0,5461.37,-80.3701171875
5742.0,5670.661,71.3388671875
6352.0,6165.223,186.77685546875
6860.0,6565.515,294.48486328125
5983.0,5879.005,103.9951171875
4926.0,4465.2656,460.734375
3804.0000000000005,3861.2659,-57.265869140624545
3446.0,3316.0188,129.981201171875
3519.0,3235.7246,283.275390625
2865.0,2905.7766,-40.776611328125
2218.0,2284.6458,-66.645751953125
1601.0,1856.879,-255.8790283203125
830.0,1238.5199,-408.5198974609375
446.0,618.4793,-172.47930908203125
424.0,311.89423,112.10577392578125
746.0,517.8038,228.19622802734375
1385.0,2238.626,-853.6259765625
1928.0,3237.807,-1309.806884765625
2730.0,3071.4438,-341.44384765625
3706.9999999999995,3268.3633,438.63671874999955
3706.9999999999995,4206.1875,-499.18750000000045
3864.0,4220.4126,-356.41259765625
4260.0,4162.6304,97.36962890625
4260.0,4453.934,-193.93408203125
4671.0,4366.959,304.041015625
4671.0,4696.236,-25.23583984375
4671.0,4680.43,-9.43017578125
4741.0,4625.122,115.8779296875
4741.0,4606.226,134.77392578125
4741.0,4556.242,184.7578125
4896.0,4520.025,375.97509765625
4896.0,4678.63,217.3701171875
4896.0,4678.55,217.4501953125
4509.0,4753.0503,-244.05029296875
4509.0,4304.7617,204.23828125
4560.0,4299.038,260.9619140625
4560.0,4359.668,200.33203125
4221.0,4405.3745,-184.37451171875
4221.0,4175.804,45.19580078125
4221.0,4189.873,31.126953125
4013.0000000000005,4212.3184,-199.31835937499955
3480.0,4042.4434,-562.443359375
3074.0,3507.1113,-433.111328125
2905.0,3019.9321,-114.93212890625
2808.0,2831.3716,-23.37158203125
2808.0,2619.579,188.4208984375
2103.0,2509.5442,-406.544189453125
1516.0,1839.9332,-323.9332275390625
905.0,1144.3402,-239.3402099609375
647.0,655.8765,-8.87652587890625
477.0,451.2992,25.7008056640625
419.0,385.0715,33.928497314453125
643.0,465.64767,177.35232543945312
1103.0,1082.258,20.741943359375
1519.0,1767.1167,-248.11669921875
2380.0,2429.443,-49.443115234375
3350.0,3039.7673,310.232666015625
3820.0,3822.7397,-2.73974609375
4453.0,4130.6987,322.30126953125
4858.0,4631.977,226.02294921875
4563.0,4903.306,-340.30615234375
4458.0,4562.0063,-104.00634765625
4554.0,4434.6807,119.3193359375
4547.0,4537.428,9.57177734375
4262.0,4444.963,-182.962890625
3971.9999999999995,4014.8503,-42.850341796875455
3527.0,3544.128,-17.1279296875
3043.0,3171.1926,-128.192626953125
2490.0,2936.6843,-446.684326171875
2051.0,2303.7703,-252.770263671875
1166.0,1641.4558,-475.455810546875
667.0,693.21375,-26.2137451171875
377.0,386.29135,-9.291351318359375
285.0,320.31082,-35.310821533203125
375.0,314.55676,60.4432373046875
927.9999999999999,996.9313,-68.93127441406261
3021.0,2677.7056,343.29443359375
5765.0,5657.3184,107.681640625
6081.0,6206.5425,-125.54248046875
5546.0,5539.5005,6.49951171875
5108.0,4857.2314,250.7685546875
4334.0,4711.972,-377.97216796875
4489.0,4594.744,-105.744140625
4741.0,4739.275,1.72509765625
4873.0,4834.437,38.56298828125
5170.0,5129.643,40.35693359375
5797.0,5595.037,201.962890625
7024.0,6248.4424,775.5576171875
6234.0,5936.4673,297.53271484375
4374.0,4286.0073,87.99267578125
3279.0,3418.9385,-139.9384765625
2941.0,2970.518,-29.51806640625
2776.0,2678.7769,97.22314453125
1870.9999999999998,2374.6802,-503.6801757812502
1115.0,1460.008,-345.008056640625
635.0,788.3548,-153.35479736328125
399.0,419.70844,-20.70843505859375
297.0,183.24486,113.75514221191406
355.0,290.4334,64.56658935546875
952.0,775.34503,176.65496826171875
3078.0,3374.3066,-296.306640625
5970.0,6082.185,-112.18505859375
5972.0,6487.1504,-515.150390625
5645.0,5716.1978,-71.19775390625
5046.0,5005.651,40.34912109375
4592.0,4877.0215,-285.021484375
4778.0,5008.4756,-230.4755859375
5256.0,5013.111,242.88916015625
5285.0,5355.607,-70.60693359375
5340.0,5609.2803,-269.2802734375
6102.0,5789.3857,312.6142578125
7037.0,6512.392,524.60791015625
6431.0,5971.3936,459.6064453125
4582.0,4693.2915,-111.29150390625
3510.0,3652.6848,-142.684814453125
3012.0,3182.3635,-170.363525390625
2754.0,2777.1086,-23.108642578125
2212.0,2398.3003,-186.30029296875
1227.0,1795.0677,-568.0677490234375
663.0,845.3142,-182.314208984375
415.0,469.97903,-54.979034423828125
318.0,219.06711,98.93289184570312
362.0,377.75143,-15.751434326171875
933.9999999999999,711.56085,222.43914794921864
2980.0,3222.226,-242.22607421875
5195.0,6045.6133,-850.61328125
5195.0,6266.3926,-1071.392578125
6083.0,5222.769,860.23095703125
6083.0,5488.891,594.10888671875
6083.0,5337.7017,745.29833984375
5301.0,5457.831,-156.8310546875
5301.0,4953.255,347.7451171875
5324.0,5256.2676,67.732421875
4621.0,5236.8584,-615.8583984375
4915.0,4749.489,165.51123046875
5098.0,5160.884,-62.8837890625
4799.0,5401.3047,-602.3046875
5226.0,5174.617,51.3828125
6264.0,5647.782,616.2177734375
6925.0,6365.711,559.2890625
6637.0,5665.429,971.57080078125
5055.0,4835.9316,219.068359375
3648.0,3668.5251,-20.525146484375
3157.0,3388.63,-231.6298828125
2723.0,2893.5034,-170.50341796875
2224.0,2430.7104,-206.71044921875
1303.0,2156.6384,-853.638427734375
685.0,1124.7856,-439.78564453125
439.0,520.8904,-81.890380859375
328.0,314.0341,13.965911865234375
380.0,382.6809,-2.680908203125
977.0,787.2505,189.74951171875
3018.0,3249.9875,-231.987548828125
5885.0,5969.469,-84.46923828125
6097.0,6451.941,-354.94091796875
5871.0,5770.4526,100.54736328125
5136.0,5122.47,13.52978515625
4691.0,4886.772,-195.77197265625
5168.0,5055.6333,112.36669921875
5220.0,5335.751,-115.7509765625
5094.0,5344.7607,-250.7607421875
5399.0,5443.2397,-44.23974609375
6202.0,5910.041,291.958984375
6858.0,6527.784,330.2158203125
6286.0,5819.2935,466.70654296875
4858.0,4662.936,195.06396484375
4858.0,3787.6619,1070.338134765625
3714.9999999999995,3759.1345,-44.134521484375455
3222.0,3206.5178,15.482177734375
2912.0,3090.1794,-178.179443359375
2215.0,2607.7686,-392.7685546875
1398.0,1935.1589,-537.158935546875
800.0,1117.8572,-317.857177734375
480.0,621.0801,-141.080078125
480.0,363.4727,116.52731323242188
354.0,667.94574,-313.94573974609375
364.0,554.9882,-190.98822021484375
884.0,829.0316,54.9683837890625
884.0,2585.986,-1701.986083984375
884.0,2371.0386,-1487.03857421875
2793.0,2665.1057,127.894287109375
5554.0,3018.5632,2535.436767578125
5554.0,5806.0576,-252.0576171875
6584.0,5787.643,796.35693359375
6584.0,6264.1924,319.8076171875
6584.0,5926.8677,657.13232421875
5442.0,5910.4644,-468.46435546875
5011.0,5192.297,-181.296875
5011.0,5018.2334,-7.2333984375
4681.0,5052.8765,-371.87646484375
4996.0,4895.834,100.166015625
5415.0,5136.2754,278.724609375
5563.0,5727.158,-164.158203125
5936.0,6008.5474,-72.54736328125
6290.0,6356.526,-66.52587890625
6727.0,6254.6216,472.37841796875
5865.0,6048.6587,-183.65869140625
4959.0,4476.986,482.01416015625
3792.0000000000005,3849.9678,-57.967773437499545
3251.0,3438.5657,-187.565673828125
3050.0,3113.4463,-63.4462890625
3360.0,2759.4438,600.55615234375
2903.0,2727.2202,175.77978515625
1511.0,2353.397,-842.39697265625
1110.0,1136.8739,-26.8739013671875
866.0,641.04254,224.95745849609375
614.0,600.4321,13.56787109375
517.0,453.749,63.251007080078125
795.0,537.2643,257.7357177734375
1398.0,1102.1436,295.8564453125
2172.0,1847.3358,324.6641845703125
2686.0,3018.9463,-332.9462890625
3367.0,3406.5237,-39.523681640625
3684.0,3813.5535,-129.553466796875
3684.0,4062.8025,-378.802490234375
3684.0,3949.1567,-265.15673828125
4085.0,3819.6497,265.350341796875
4085.0,4177.9595,-92.95947265625
4085.0,4140.3267,-55.32666015625
4085.0,4110.7456,-25.74560546875
4257.0,3975.7192,281.28076171875
4257.0,4066.255,190.7451171875
4257.0,4111.6562,145.34375
4257.0,4100.406,156.59423828125
4186.0,4010.082,175.91796875
4186.0,3895.8625,290.137451171875
4186.0,3976.8865,209.113525390625
4196.0,4021.9792,174.020751953125
4196.0,4102.0137,93.986328125
4196.0,4175.0723,20.927734375
3956.9999999999995,4231.245,-274.24511718750045
3956.9999999999995,3938.15,18.850097656249545
3956.9999999999995,3936.447,20.552978515624545
3939.9999999999995,3952.9849,-12.984863281250455
3939.9999999999995,3966.9856,-26.985595703125455
3939.9999999999995,3998.012,-58.011962890625455
3589.0,4035.209,-446.208984375
3589.0,3609.045,-20.044921875
3571.0,3554.9885,16.011474609375
3571.0,3545.549,25.450927734375
3571.0,3534.339,36.660888671875
3128.0,3530.6611,-402.6611328125
2782.0,3055.4856,-273.485595703125
2835.0,2609.8674,225.132568359375
2863.0,2652.564,210.43603515625
1928.0,2625.8574,-697.857421875
1226.0,1734.272,-508.27197265625
777.0,851.7629,-74.76287841796875
570.0,514.1447,55.85528564453125
350.0,436.26224,-86.26223754882812
293.0,301.79892,-8.798919677734375
427.0,358.17432,68.82568359375
808.0,732.34357,75.65643310546875
1012.0,1321.5007,-309.500732421875
1617.0,1713.8363,-96.8363037109375
2417.0,2253.328,163.672119140625
3075.0,3051.8176,23.182373046875
3656.0,3575.31,80.68994140625
3993.0000000000005,3950.2034,42.796630859375455
3888.0,4188.7944,-300.79443359375
4125.0,4031.3394,93.66064453125
4062.0,4165.3613,-103.361328125
3901.0,4084.149,-183.14892578125
3584.0,3833.831,-249.8310546875
3477.0,3354.1982,122.8017578125
3010.0,3110.4778,-100.477783203125
2979.0,2617.3682,361.6318359375
2353.0,2658.572,-305.572021484375
1834.0,1894.8497,-60.8497314453125
1101.0,1352.2522,-251.252197265625
642.0,650.27795,-8.2779541015625
396.0,357.672,38.3280029296875
291.0,322.19824,-31.1982421875
310.0,345.48325,-35.483245849609375
873.0,773.7368,99.26318359375
2947.0,2721.7378,225.26220703125
5476.0,5647.8193,-171.8193359375
6336.0,5982.2114,353.78857421875
5676.0,5725.724,-49.72412109375
4588.0,4808.9326,-220.9326171875
4270.0,4235.008,34.9921875
4435.0,4514.0986,-79.0986328125
4763.0,4665.4766,97.5234375
4763.0,4900.4033,-137.4033203125
4658.0,5114.833,-456.8330078125
4923.0,4954.0576,-31.0576171875
5691.0,5523.85,167.14990234375
6556.0,6002.005,553.9951171875
5922.0,5689.2017,232.79833984375
4512.0,4337.0444,174.95556640625
4512.0,3406.3953,1105.604736328125
4512.0,3563.4731,948.52685546875
3078.0,3355.0452,-277.045166015625
3078.0,2827.1365,250.863525390625
2611.0,2803.958,-192.9580078125
2240.0,2347.2065,-107.20654296875
1860.9999999999998,2031.9521,-170.95214843750023
1109.0,1624.9296,-515.9295654296875
621.0,886.0045,-265.0045166015625
396.0,492.56943,-96.56942749023438
314.0,318.84732,-4.847320556640625
362.0,586.4987,-224.49871826171875
362.0,960.37213,-598.3721313476562
912.0,572.2521,339.7479248046875
3013.0,1392.838,1620.1619873046875
5905.0,4947.254,957.74609375
6283.0,6483.678,-200.67822265625
5656.0,5809.431,-153.43115234375
4948.0,5125.041,-177.041015625
4574.0,4811.9756,-237.9755859375
4531.0,4866.651,-335.65087890625
4911.0,4919.12,-8.1201171875
4777.0,5127.4136,-350.41357421875
5185.0,5105.0996,79.900390625
6092.0,5617.2363,474.763671875
6777.0,6285.597,491.40283203125
6366.0,5556.6226,809.37744140625
4701.0,4632.862,68.13818359375
3235.0,3479.8862,-244.88623046875
2975.0,2969.4902,5.509765625
2990.0,2787.7627,202.2373046875
2332.0,2473.0054,-141.00537109375
1250.0,1793.5885,-543.5885009765625
684.0,940.5878,-256.58782958984375
439.0,477.4843,-38.48431396484375
328.0,235.12,92.8800048828125
387.0,348.77313,38.22686767578125
922.0,771.2227,150.77728271484375
3022.0,3107.844,-85.843994140625
5767.0,5973.189,-206.18896484375
6127.0,6427.3203,-300.3203125
5664.0,5780.9517,-116.95166015625
5157.0,5021.0674,135.9326171875
4579.0,4895.0474,-316.04736328125
4687.0,4930.7534,-243.75341796875
5110.0,4919.8506,190.1494140625
4998.0,5185.9326,-187.9326171875
5227.0,5298.0396,-71.03955078125
6188.0,5681.931,506.06884765625
6781.0,6505.6016,275.3984375
5644.0,5806.6504,-162.650390625
4617.0,3954.734,662.26611328125
3560.0,3711.6384,-151.638427734375
3277.0,3164.4026,112.597412109375
2777.0,3018.2942,-241.294189453125
2123.0,2333.3337,-210.333740234375
1283.0,1724.1863,-441.186279296875
724.0,932.983,-208.98297119140625
424.0,525.3242,-101.32421875
308.0,211.07394,96.92605590820312
368.0,300.4801,67.5198974609375
927.9999999999999,864.89703,63.102966308593636
3013.0,3310.0007,-297.000732421875
5824.0,5976.5684,-152.568359375
6438.0,6459.6157,-21.61572265625
5778.0,5879.982,-101.98193359375
4983.0,5078.924,-95.923828125
4510.0,4807.993,-297.9931640625
4810.0,4924.8433,-114.84326171875
5062.0,5016.261,45.73876953125
5018.0,5161.53,-143.52978515625
5434.0,5392.724,41.27587890625
6192.0,5938.5986,253.4013671875
6890.0,6516.059,373.94091796875
6049.0,5771.754,277.24609375
4819.0,4338.206,480.7939453125
3708.9999999999995,3722.1067,-13.106689453125455
3274.0,3251.0251,22.974853515625
2922.0,3021.0417,-99.041748046875
2284.0,2521.8286,-237.82861328125
1388.0,1917.7643,-529.7642822265625
830.0,1040.4779,-210.4779052734375
500.00000000000006,583.6605,-83.66052246093744
358.0,324.73483,33.265167236328125
384.0,282.42923,101.57077026367188
866.0,786.2674,79.73260498046875
2843.0,2956.8665,-113.866455078125
5432.0,5853.981,-421.98095703125
6361.0,6349.335,11.6650390625
5671.0,5900.7104,-229.71044921875
4977.0,5064.0176,-87.017578125
4801.0,4823.6147,-22.61474609375
5025.0,5110.161,-85.1611328125
5396.0,5237.081,158.9189453125
5168.0,5486.78,-318.77978515625
5614.0,5475.6104,138.3896484375
5993.0,6061.4863,-68.486328125
6333.0,6448.1865,-115.1865234375
6333.0,5919.621,413.37890625
5165.0,5463.737,-298.73681640625
4369.0,3966.1582,402.841796875
3688.0,3515.4307,172.5693359375
3688.0,3356.882,331.117919921875
3123.0,3277.2354,-154.2353515625
3118.0,2670.8113,447.188720703125
2778.0,2628.9656,149.034423828125
2666.0,2428.6365,237.363525390625
1386.0,2250.9512,-864.951171875
825.0,1018.32416,-193.32415771484375
587.0,512.5479,74.45208740234375
391.0,383.29584,7.70416259765625
402.0,389.3341,12.6658935546875
772.0,695.57263,76.4273681640625
1196.0,1271.6897,-75.689697265625
1651.0,2048.3662,-397.3662109375
1651.0,2557.502,-906.501953125
2329.0,2684.837,-355.8369140625
2329.0,2839.8555,-510.85546875
2329.0,2960.0906,-631.090576171875
3017.0,2764.8643,252.1357421875
3017.0,3225.8018,-208.8017578125
3017.0,3191.2397,-174.23974609375
3514.0,3185.071,328.928955078125
3514.0,3626.9697,-112.9697265625
3514.0,3623.1064,-109.1064453125
3907.0,3632.9114,274.088623046875
3907.0,4108.1665,-201.16650390625
3907.0,4056.9304,-149.930419921875
4494.0,4076.6152,417.384765625
4494.0,4691.063,-197.06298828125
4834.0,4654.3066,179.693359375
4834.0,5087.8267,-253.82666015625
4900.0,4944.0654,-44.0654296875
4900.0,4971.404,-71.40380859375
4363.0,4900.6045,-537.6044921875
4495.0,4215.553,279.44677734375
4053.0,4191.0195,-138.01953125
3987.0000000000005,3788.9514,198.04858398437545
3223.0,3692.3066,-469.306640625
2928.0,3161.7483,-233.748291015625
2887.0,2874.7954,12.20458984375
2606.0,2720.7493,-114.749267578125
2047.0,2266.71,-219.7099609375
1332.0,1650.8123,-318.812255859375
866.0,907.7206,-41.7205810546875
659.0,527.4079,131.59210205078125
413.0,483.0305,-70.03048706054688
393.0,387.8571,5.142913818359375
393.0,461.14352,-68.14352416992188
393.0,488.23615,-95.23614501953125
552.0,541.8997,10.10028076171875
885.0,743.88416,141.1158447265625
885.0,1155.8271,-270.8271484375
1185.0,1632.2891,-447.2890625
1724.0,1650.3689,73.631103515625
1724.0,2042.8063,-318.8062744140625
2723.0,2448.0984,274.901611328125
3488.0,3099.5266,388.473388671875
3790.0000000000005,3831.9854,-41.985351562499545
4260.0,4080.7256,179.2744140625
4365.0,4448.0103,-83.01025390625
4192.0,4506.027,-314.02685546875
4234.0,4239.593,-5.5927734375
4404.0,4255.228,148.77197265625
4404.0,4359.0493,44.95068359375
4175.0,4314.8745,-139.87451171875
4175.0,4015.1162,159.8837890625
3843.0,3937.9634,-94.96337890625
3843.0,3568.1765,274.823486328125
3613.0,3611.008,1.991943359375
3185.0,3347.4954,-162.495361328125
3185.0,2900.1963,284.8037109375
2568.0,2810.8044,-242.804443359375
2568.0,2092.0444,475.95556640625
2045.0,2072.585,-27.5849609375
1218.0,1696.0369,-478.036865234375
1218.0,839.2193,378.78070068359375
627.0,850.76965,-223.7696533203125
627.0,572.1376,54.8624267578125
367.0,500.48932,-133.48931884765625
367.0,349.38828,17.611724853515625
367.0,385.7887,-18.7886962890625
367.0,428.93753,-61.937530517578125
272.0,481.55243,-209.55242919921875
272.0,457.07382,-185.07382202148438
272.0,353.38083,-81.38082885742188
365.0,295.58932,69.41067504882812
365.0,591.9227,-226.9227294921875
365.0,662.25006,-297.25006103515625
802.0,695.9438,106.05621337890625
2891.0,781.77374,2109.2262573242188
2891.0,4940.8945,-2049.89453125
5541.0,5740.4414,-199.44140625
5541.0,5899.384,-358.3837890625
6386.0,5642.9688,743.03125
6386.0,6315.8145,70.185546875
5765.0,6053.499,-288.4990234375
4767.0,5551.819,-784.81884765625
4767.0,4892.3345,-125.33447265625
4161.0,4925.2036,-764.20361328125
4161.0,4378.0205,-217.0205078125
4161.0,4299.5156,-138.515625
4435.0,4370.059,64.94091796875
4435.0,4661.6187,-226.61865234375
4829.0,4786.9355,42.064453125
4829.0,5159.3354,-330.33544921875
4743.0,5187.765,-444.76513671875
4743.0,5010.731,-267.73095703125
4743.0,4881.687,-138.68701171875
4935.0,4937.9795,-2.9794921875
4935.0,5251.082,-316.08203125
5558.0,5275.0273,282.97265625
6757.0,5965.313,791.68701171875
6306.0,6198.1045,107.8955078125
4352.0,5465.377,-1113.376953125
3248.0,3475.8887,-227.888671875
2762.0,2843.9946,-81.99462890625
2460.0,2403.9556,56.04443359375
1710.0,1941.2467,-231.2467041015625
1012.0,1469.8384,-457.83837890625
592.0,747.841,-155.84100341796875
373.0,380.4053,-7.405303955078125
269.0,300.7314,-31.731414794921875
369.0,223.41544,145.58456420898438
893.0,751.3231,141.6768798828125
893.0,3201.9753,-2308.975341796875
3038.0,3304.6619,-266.661865234375
3038.0,4919.0737,-1881.07373046875
3038.0,4692.9883,-1654.98828125
5483.0,4127.5215,1355.478515625
5483.0,5535.7397,-52.73974609375
5483.0,5890.5635,-407.5634765625
5506.0,5744.081,-238.0810546875
5506.0,5475.588,30.412109375
4851.0,5396.6685,-545.66845703125
4851.0,4978.5635,-127.5634765625
4792.0,4926.4966,-134.49658203125
4792.0,4837.535,-45.53515625
4792.0,4783.992,8.0078125
4244.0,4883.1523,-639.15234375
4244.0,4399.7476,-155.74755859375
4244.0,4281.936,-37.93603515625
4346.0,4215.5957,130.404296875
4346.0,4180.096,165.90380859375
4346.0,4347.2583,-1.25830078125
4346.0,4460.893,-114.89306640625
4585.0,4498.114,86.88623046875
4585.0,4874.4453,-289.4453125
4585.0,4907.9243,-322.92431640625
4728.0,4875.312,-147.31201171875
4728.0,5050.087,-322.0869140625
5109.0,5056.8643,52.1357421875
5109.0,5482.924,-373.923828125
5109.0,5359.4863,-250.486328125
5852.0,5290.4214,561.57861328125
5852.0,5944.6245,-92.62451171875
5852.0,5744.1187,107.88134765625
5852.0,5683.629,168.37109375
6821.0,5598.988,1222.01220703125
6821.0,6003.893,817.10693359375
6085.0,5943.344,141.65576171875
4546.0,5536.7397,-990.73974609375
4546.0,4289.7495,256.25048828125
4546.0,4008.3132,537.686767578125
3263.0,3828.3582,-565.358154296875
3263.0,3160.6033,102.396728515625
3263.0,3190.668,72.33203125
2804.0,3190.7812,-386.78125
2804.0,2760.004,43.99609375
2454.0,2688.4146,-234.41455078125
2454.0,2310.2383,143.76171875
1796.0,2126.659,-330.658935546875
1796.0,1603.0118,192.9881591796875
1190.0,1483.7677,-293.7677001953125
1190.0,1144.7637,45.236328125
663.0,952.71643,-289.7164306640625
406.0,631.2399,-225.23992919921875
406.0,268.44583,137.55416870117188
301.0,314.0915,-13.09149169921875
385.0,268.72925,116.270751953125
934.9999999999999,653.85956,281.14044189453114
3134.0,1775.0277,1358.9722900390625
5769.0,4766.575,1002.4248046875
6295.0,6036.841,258.1591796875
6295.0,5770.1045,524.8955078125
5540.0,5511.516,28.48388671875
4890.0,4984.5396,-94.53955078125
4544.0,4751.8394,-207.83935546875
4675.0,4822.334,-147.333984375
4824.0,4864.609,-40.60888671875
4941.0,4981.685,-40.68505859375
5161.0,5312.145,-151.14501953125
5864.0,5616.4414,247.55859375
6811.0,6289.0703,521.9296875
6439.0,5920.4043,518.595703125
4622.0,4666.9404,-44.9404296875
3418.0,3408.9019,9.09814453125
3024.0,3054.8538,-30.853759765625
2758.0,2791.2246,-33.224609375
1956.0,2336.3044,-380.304443359375
1209.0,1638.4015,-429.4014892578125
634.0,861.1695,-227.16949462890625
462.0,458.56598,3.43402099609375
348.0,296.52753,51.47247314453125
426.0,397.8117,28.18829345703125
937.9999999999999,963.31934,-25.319335937500114
3112.0,3106.9421,5.057861328125
5778.0,6003.0083,-225.00830078125
6557.0,6437.1025,119.8974609375
6557.0,6039.2305,517.76953125
5490.0,5453.1562,36.84375
4982.0,4817.734,164.26611328125
4951.0,5022.45,-71.4501953125
5167.0,5182.3276,-15.32763671875
5083.0,5257.9194,-174.91943359375
4942.0,5273.8257,-331.82568359375
5025.0,5335.4624,-310.46240234375
5768.0,5463.3535,304.646484375
6511.0,6291.8325,219.16748046875
5997.0,5948.535,48.46484375
4592.0,4686.53,-94.52978515625
3823.0,3489.1875,333.8125
3385.0,3339.975,45.02490234375
3446.0,3103.4404,342.5595703125
2583.0,2842.4666,-259.466552734375
1455.0,2015.4141,-560.4140625
805.0,1103.6356,-298.6356201171875
471.00000000000006,537.2256,-66.22558593749994
364.0,330.1129,33.8870849609375
384.0,327.6653,56.334686279296875
876.0,825.8717,50.1282958984375
3056.0,3032.7456,23.25439453125
5460.0,5948.8643,-488.8642578125
6222.0,6291.8364,-69.83642578125
5604.0,5758.957,-154.95703125
5053.0,5003.21,49.7900390625
4765.0,4845.0894,-80.08935546875
5128.0,5070.486,57.51416015625
5225.0,5330.3486,-105.3486328125
5104.0,5383.2627,-279.2626953125
5351.0,5433.793,-82.79296875
5843.0,5789.1187,53.88134765625
6010.0,6362.117,-352.1171875
5120.0,5853.9795,-733.9794921875
4676.0,4113.403,562.59716796875
3975.9999999999995,3698.9448,277.05517578124955
3535.0,3439.2664,95.733642578125
3473.0,3350.2783,122.7216796875
3529.0,3131.3582,397.641845703125
3654.0,2836.092,817.907958984375
1540.0,2840.0981,-1300.09814453125
872.0,685.13617,186.86383056640625
629.0,637.91736,-8.9173583984375
407.0,369.3282,37.67181396484375
513.0,584.5074,-71.50738525390625
966.0,1329.3225,-363.322509765625
966.0,2336.4265,-1370.426513671875
966.0,2063.5596,-1097.5595703125
1495.0,1909.6501,-414.650146484375
1495.0,1896.6067,-401.606689453125
1495.0,2187.764,-692.763916015625
2474.0,2116.3835,357.616455078125
2474.0,2808.6973,-334.697265625
3353.0,2972.0159,380.984130859375
4065.0,3571.4915,493.508544921875
4318.0,4260.4536,57.54638671875
4621.0,4570.0127,50.9873046875
5018.0,4800.7583,217.24169921875
4560.0,5088.9326,-528.9326171875
4620.0,4332.8823,287.11767578125
4417.0,4465.1113,-48.111328125
4372.0,4294.783,77.216796875
4510.0,4212.313,297.68701171875
3944.9999999999995,4217.7427,-272.74267578125045
3660.0,3703.9636,-43.963623046875
3362.0,3453.0718,-91.07177734375
3504.0,3242.877,261.123046875
3572.0,3213.802,358.197998046875
2484.0,2852.3638,-368.36376953125
1515.0,1808.4346,-293.4345703125
1016.0,889.3447,126.6552734375
684.0,609.0252,74.97479248046875
409.0,413.56476,-4.56475830078125
373.0,370.55408,2.4459228515625
614.0,493.58228,120.417724609375
1091.0,914.5268,176.47320556640625
1499.0,1591.2817,-92.28173828125
1499.0,2359.6963,-860.6962890625
1499.0,2456.3298,-957.329833984375
2362.0,2161.4058,200.59423828125
3560.0,2735.38,824.6201171875
4187.0,3827.0156,359.984375
4186.0,4472.713,-286.712890625
4302.0,4605.136,-303.13623046875
4302.0,4453.3154,-151.3154296875
4235.0,4376.3823,-141.38232421875
4235.0,4234.3413,0.65869140625
4317.0,4065.2217,251.7783203125
4313.0,4063.844,249.156005859375
4256.0,4143.2363,112.763671875
4118.0,4097.4146,20.58544921875
4022.0000000000005,3840.597,181.40307617187545
3438.0,3702.6643,-264.664306640625
3187.0,3234.8394,-47.83935546875
2556.0,3020.353,-464.35302734375
1962.0,2238.396,-276.39599609375
1209.0,1494.9613,-285.9613037109375
652.0,757.0585,-105.0584716796875
422.0,357.23938,64.7606201171875
331.0,377.62033,-46.620330810546875
406.0,414.10443,-8.10443115234375
902.0,865.933,36.0670166015625
2982.0,1928.71,1053.2900390625
5588.0,5142.923,445.0771484375
6146.0,6078.034,67.9658203125
5383.0,5709.2617,-326.26171875
5383.0,4798.397,584.60302734375
4654.0,4878.07,-224.06982421875
4654.0,4697.1357,-43.1357421875
4310.0,4926.2974,-616.29736328125
4530.0,4443.0386,86.96142578125
4748.0,4574.747,173.2529296875
4673.0,5007.0327,-334.03271484375
4877.0,5141.1553,-264.1552734375
5605.0,5484.0835,120.91650390625
6232.0,5996.2534,235.74658203125
5772.0,5837.853,-65.85302734375
4086.0,4667.545,-581.544921875
3288.0,3150.0432,137.956787109375
2944.0,2969.6506,-25.650634765625
2559.0,2665.9207,-106.920654296875
1973.9999999999998,2132.9675,-158.96752929687523
1136.0,1547.1753,-411.17529296875
1136.0,841.0225,294.97747802734375
624.0,685.4518,-61.4517822265625
624.0,571.1383,52.8616943359375
417.0,483.69443,-66.69442749023438
297.0,419.41748,-122.41748046875
297.0,449.82376,-152.82376098632812
297.0,608.23975,-311.23974609375
353.0,600.42053,-247.4205322265625
353.0,736.97766,-383.9776611328125
353.0,903.1951,-550.1951293945312
353.0,791.0644,-438.06439208984375
887.0,496.22968,390.77032470703125
887.0,1373.9032,-486.9031982421875
887.0,2014.3127,-1127.312744140625
2973.0,2540.798,432.201904296875
2973.0,3210.8435,-237.843505859375
5381.0,3911.1494,1469.8505859375
5381.0,5720.0474,-339.04736328125
6350.0,5728.0728,621.92724609375
6350.0,6379.797,-29.796875
5756.0,6189.9185,-433.91845703125
4872.0,5632.88,-760.8798828125
4452.0,4947.0273,-495.02734375
4713.0,4637.9087,75.09130859375
5083.0,4821.534,261.4658203125
4849.0,5040.6016,-191.6015625
4905.0,5156.657,-251.6572265625
4905.0,5195.3765,-290.37646484375
5875.0,5323.351,551.64892578125
6765.0,6072.5996,692.400390625
6765.0,5727.6235,1037.37646484375
6054.0,4893.2705,1160.7294921875
4473.0,4271.6685,201.33154296875
3316.0,3774.356,-458.35595703125
2910.0,3144.3389,-234.3388671875
2910.0,2713.905,196.094970703125
2674.0,2663.8347,10.165283203125
2083.0,2509.202,-426.201904296875
1161.0,1915.0232,-754.023193359375
678.0,927.51495,-249.51495361328125
411.0,457.6248,-46.624786376953125
313.0,235.41637,77.58363342285156
414.0,451.67612,-37.676116943359375
898.0,1084.3556,-186.3555908203125
3151.0,3028.4592,122.540771484375
5883.0,5833.307,49.69287109375
6414.0,6387.8184,26.181640625
5717.0,5850.669,-133.6689453125
5134.0,5136.1084,-2.1083984375
4614.0,4933.585,-319.5849609375
4964.0,4976.0483,-12.04833984375
5102.0,5227.8506,-125.8505859375
4901.0,5206.7305,-305.73046875
5036.0,5227.1914,-191.19140625
5867.0,5418.9043,448.095703125
6666.0,6313.1455,352.8544921875
6095.0,5867.5425,227.45751953125
4563.0,4507.9814,55.0185546875
3497.0,3482.3171,14.682861328125
3126.0,3137.6382,-11.63818359375
3116.0,2902.822,213.177978515625
2292.0,2537.4624,-245.46240234375
1339.0,1657.9397,-318.939697265625
778.0,979.884,-201.88397216796875
457.0,533.58673,-76.58673095703125
309.0,245.296,63.70399475097656
365.0,205.95567,159.04432678222656
921.0,755.3422,165.65777587890625
3121.0,3267.7432,-146.7431640625
3121.0,6030.482,-2909.48193359375
5691.0,5455.9927,235.00732421875
5691.0,5855.6226,-164.62255859375
6264.0,5342.361,921.63916015625
5683.0,5777.8374,-94.83740234375
4983.0,5104.764,-121.76416015625
4678.0,4930.192,-252.19189453125
4866.0,4924.6426,-58.642578125
5109.0,4993.2153,115.78466796875
5011.0,5189.3267,-178.32666015625
5300.0,5379.418,-79.41796875
5945.0,5705.129,239.87109375
6568.0,6351.473,216.52685546875
5930.0,6076.8286,-146.82861328125
4668.0,4552.4536,115.54638671875
3794.0000000000005,3627.9907,166.00927734375045
3127.0,3321.1238,-194.123779296875
2908.0,2935.7258,-27.725830078125
2190.0,2589.2297,-399.229736328125
1475.0,1844.1764,-369.1763916015625
841.0,1128.8884,-287.888427734375
510.0,583.4961,-73.49609375
385.0,378.8393,6.16070556640625
453.0,342.87277,110.12722778320312
983.9999999999999,1024.1031,-40.103149414062614
2909.0,3164.055,-255.054931640625
5427.0,5667.9478,-240.94775390625
6051.0,6202.999,-151.9990234375
5204.0,5618.8477,-414.84765625
4842.0,4816.723,25.27685546875
4626.0,4814.569,-188.56884765625
5114.0,4947.893,166.10693359375
5222.0,5289.889,-67.88916015625
5236.0,5387.0356,-151.03564453125
5319.0,5549.256,-230.255859375
5903.0,5740.1523,162.84765625
5902.0,6336.4116,-434.41162109375
5314.0,5584.8496,-270.849609375
4798.0,4421.355,376.64501953125
3704.9999999999995,3838.567,-133.56689453125045
3340.0,3351.1482,-11.148193359375
3247.0,3320.7888,-73.788818359375
2781.0,2954.5996,-173.599609375
2465.0,2382.006,82.993896484375
1423.0,2041.2385,-618.238525390625
869.0,999.5101,-130.51007080078125
617.0,521.62854,95.3714599609375
429.0,415.82202,13.177978515625
429.0,392.5804,36.419586181640625
429.0,780.4695,-351.469482421875
822.0,651.0658,170.9342041015625
1489.0,1115.9552,373.0447998046875
2048.0,2052.2368,-4.23681640625
2840.0,3040.6116,-200.611572265625
3627.0,3483.3777,143.622314453125
3922.0,4056.0005,-134.00048828125
4253.0,4260.9595,-7.95947265625
4776.0,4432.7793,343.220703125
4675.0,4843.618,-168.6181640625
4533.0,4764.2163,-231.21630859375
4425.0,4586.2095,-161.20947265625
4707.0,4426.8213,280.1787109375
4469.0,4562.475,-93.47509765625
3871.0,4269.264,-398.26416015625
3247.0,3499.6685,-252.66845703125
2936.0,3011.891,-75.89111328125
2700.0,2929.532,-229.531982421875
2760.0,2473.6733,286.32666015625
2017.0,2133.6816,-116.681640625
1314.0,1340.8267,-26.82666015625
848.0,807.59296,40.40704345703125
703.0,563.00336,139.99664306640625
419.0,446.99866,-27.9986572265625
419.0,340.58212,78.41787719726562
372.0,516.0089,-144.0089111328125
372.0,467.13593,-95.13592529296875
529.0,491.5818,37.418212890625
529.0,642.60516,-113.60516357421875
979.0,754.1865,224.8134765625
979.0,1099.928,-120.927978515625
1237.0,1666.837,-429.8370361328125
1682.0,1775.1533,-93.1533203125
1682.0,2003.0348,-321.0347900390625
2495.0,2298.3909,196.609130859375
2495.0,2857.1318,-362.1318359375
2495.0,2986.1162,-491.1162109375
2924.0,2929.9958,-5.995849609375
2924.0,3169.5059,-245.505859375
3323.0,3115.9575,207.04248046875
3323.0,3471.3477,-148.34765625
3323.0,3409.7358,-86.73583984375
3696.0,3403.568,292.431884765625
3696.0,3738.3691,-42.369140625
3696.0,3721.104,-25.10400390625
4084.0,3833.0806,250.91943359375
4084.0,4307.578,-223.578125
4187.0,4295.5923,-108.59228515625
4365.0,4454.431,-89.43115234375
4380.0,4597.5137,-217.513671875
4049.0,4562.4517,-513.45166015625
3680.0,4017.9849,-337.98486328125
3404.0,3400.1843,3.815673828125
3018.0,3076.8757,-58.875732421875
2640.0,2756.98,-116.97998046875
2152.0,2397.6199,-245.619873046875
3078.0,1833.8048,1244.1951904296875
1043.0,2430.8945,-1387.89453125
523.0,636.17615,-113.1761474609375
425.0,183.68253,241.31747436523438
398.0,524.4544,-126.45440673828125
896.0,747.4776,148.52239990234375
2931.0,2844.8599,86.14013671875
5305.0,5323.493,-18.4931640625
5936.0,5819.534,116.4658203125
4859.0,5324.0723,-465.072265625
4473.0,4234.848,238.15185546875
4172.0,4343.9546,-171.95458984375
4498.0,4442.397,55.60302734375
4617.0,4684.942,-67.94189453125
4667.0,4780.096,-113.09619140625
4728.0,4975.379,-247.37890625
5115.0,5135.676,-20.67578125
5853.0,5718.783,134.216796875
5241.0,5872.0474,-631.04736328125
3922.0,4272.5806,-350.58056640625
3183.0,3050.518,132.48193359375
2792.0,2794.3901,-2.39013671875
2552.0,2541.4163,10.583740234375
2118.0,2035.9121,82.087890625
1461.0,1468.3391,-7.339111328125
722.0,1068.7694,-346.7694091796875
455.0,541.15326,-86.15325927734375
340.0,280.65265,59.34735107421875
391.0,296.8679,94.13211059570312
863.0,902.47894,-39.47894287109375
863.0,2749.012,-1886.011962890625
2836.0,2138.687,697.31298828125
5264.0,4093.174,1170.825927734375
5737.0,5767.1187,-30.11865234375
5737.0,5774.7266,-37.7265625
5017.0,5449.196,-432.19580078125
5017.0,4753.5347,263.46533203125
4373.0,4976.0566,-603.056640625
4099.0,4677.8345,-578.83447265625
4415.0,4365.4976,49.50244140625
4775.0,4511.025,263.97509765625
4799.0,4986.3125,-187.3125
4968.0,5135.0767,-167.07666015625
4968.0,5545.7896,-577.78955078125
5526.0,5315.214,210.7861328125
5526.0,5861.1304,-335.13037109375
6135.0,5444.4814,690.5185546875
5092.0,6120.1196,-1028.11962890625
4313.0,4065.7688,247.231201171875
3308.0,3537.4795,-229.4794921875
3055.0,3059.2078,-4.207763671875
2700.0,2883.9958,-183.995849609375
2176.0,2340.0042,-164.004150390625
1741.0,1888.0155,-147.0155029296875
1021.0,1373.3042,-352.30419921875
605.0,710.1633,-105.163330078125
573.0,414.2907,158.70928955078125
353.0,506.76965,-153.7696533203125
354.0,353.5536,0.4464111328125
698.0,745.76697,-47.7669677734375
1141.0,1476.6156,-335.6156005859375
1128.0,1633.9368,-505.936767578125
1275.0,2346.8271,-1071.8271484375
1687.0,2334.652,-647.652099609375
1920.0,2240.1377,-320.1376953125
1920.0,2474.2334,-554.2333984375
1920.0,2521.8945,-601.89453125
2603.0,2381.97,221.030029296875
2603.0,2796.657,-193.656982421875
2761.0,2771.1294,-10.12939453125
2929.0,2932.8108,-3.810791015625
3318.0,3010.836,307.1640625
3070.0,3415.872,-345.8720703125
3070.0,3170.3894,-100.389404296875
3224.0,3155.8994,68.1005859375
3224.0,3248.021,-24.02099609375
3045.0,3215.7595,-170.759521484375
3045.0,3018.6938,26.30615234375
2664.0,2996.4744,-332.474365234375
2596.0,2586.6296,9.370361328125
2503.0,2465.0635,37.9365234375
2582.0,2345.8682,236.1318359375
2030.0,2367.8237,-337.82373046875
1936.0,1859.4192,76.580810546875
971.0,1684.9087,-713.90869140625
971.0,761.7231,209.27691650390625
476.0,627.1195,-151.1195068359375
317.0,356.5813,-39.581298828125
338.0,253.076,84.92399597167969
754.0,440.7857,313.21429443359375
2412.0,1394.6206,1017.37939453125
4500.0,4412.5596,87.4404296875
4966.0,5269.379,-303.37890625
4440.0,4690.4614,-250.46142578125
4205.0,4128.509,76.4912109375
4154.0,4120.415,33.5849609375
4201.0,4320.9204,-119.92041015625
4416.0,4360.942,55.05810546875
4491.0,4549.4956,-58.49560546875
4708.0,4768.6343,-60.63427734375
5066.0,5176.272,-110.27197265625
5908.0,5543.2407,364.75927734375
5223.0,5777.572,-554.57177734375
4115.0,4032.9678,82.0322265625
3099.0,3178.6265,-79.62646484375
2713.0,2811.218,-98.218017578125
2633.0,2559.4465,73.553466796875
2002.0000000000002,2173.8203,-171.82031249999977
1287.0,1446.9083,-159.9083251953125
743.0,970.5427,-227.542724609375
435.0,555.8868,-120.88677978515625
372.0,281.30185,90.69815063476562
343.0,302.09702,40.902984619140625
752.0,631.8724,120.12762451171875
2453.0,2503.9102,-50.91015625
4489.0,5325.251,-836.2509765625
5069.0,5579.7593,-510.75927734375
4489.0,4728.767,-239.76708984375
4305.0,4141.528,163.47216796875
4215.0,4182.653,32.34716796875
4547.0,4364.6016,182.3984375
4684.0,4682.7393,1.2607421875
4594.0,4782.3857,-188.3857421875
4818.0,4696.6143,121.3857421875
5182.0,5192.152,-10.15185546875
5353.0,5721.4897,-368.48974609375
4822.0,5448.882,-626.8818359375
4089.0,4156.796,-67.7958984375
3390.0,3368.4844,21.515625
2966.0,3122.985,-156.985107421875
2903.0,2925.169,-22.1689453125
2533.0,2621.7517,-88.751708984375
2227.0,2061.5105,165.489501953125
1233.0,1771.2612,-538.26123046875
689.0,885.5585,-196.5584716796875
604.0,414.26163,189.73837280273438
382.0,447.13666,-65.13665771484375
429.0,363.5333,65.46670532226562
769.0,941.74396,-172.74395751953125
1246.0,1539.0485,-293.0484619140625
1710.0,1828.2451,-118.2451171875
2428.0,2470.8674,-42.867431640625
3029.0,3075.6765,-46.676513671875
3386.0,3525.8894,-139.889404296875
4045.0,3723.0747,321.92529296875
4160.0,4247.1045,-87.1044921875
4118.0,4348.432,-230.43212890625
3992.0000000000005,4239.3384,-247.33837890624955
4022.0000000000005,4083.296,-61.295898437499545
4289.0,4045.398,243.60205078125
4085.0,4172.8804,-87.88037109375
3986.0000000000005,3903.4192,82.58081054687545
3416.0,3699.7798,-283.77978515625
3191.0,3061.2078,129.792236328125
3616.0,2934.0657,681.934326171875
3055.0,3152.0571,-97.05712890625
2246.0,2384.416,-138.416015625
1423.0,1730.5951,-307.5950927734375
786.0,929.46185,-143.46185302734375
693.0,415.40598,277.5940246582031
357.0,479.18344,-122.18344116210938
327.0,314.68698,12.313018798828125
476.0,525.91736,-49.9173583984375
876.0,877.1187,-1.11871337890625
1084.0,1312.0016,-228.0015869140625
1920.0,1710.3062,209.69384765625
2584.0,2513.2656,70.734375
3236.0,3251.988,-15.988037109375
3837.0,3672.1006,164.8994140625
4075.0,4070.1624,4.837646484375
4211.0,4255.279,-44.27880859375
4470.0,4296.853,173.14697265625
4397.0,4498.5854,-101.58544921875
4514.0,4398.5728,115.42724609375
4297.0,4447.5083,-150.50830078125
3952.9999999999995,4136.101,-183.10107421875045
3968.9999999999995,3637.3865,331.61352539062455
3571.0,3540.9666,30.033447265625
2948.0,3173.4863,-225.486328125
2039.0,2796.9736,-757.9736328125
1339.0,1694.3188,-355.31884765625
676.0,829.0571,-153.05712890625
423.0,384.62558,38.374420166015625
320.0,380.78537,-60.785369873046875
348.0,363.29468,-15.294677734375
348.0,850.3241,-502.3240966796875
903.0,725.8378,177.16217041015625
2977.0,2723.7307,253.269287109375
2977.0,5560.6865,-2583.6865234375
5679.0,4400.9033,1278.0966796875
6178.0,6060.271,117.72900390625
5656.0,5763.6543,-107.654296875
4586.0,5338.4404,-752.4404296875
4266.0,4459.016,-193.01611328125
4448.0,4482.3564,-34.3564453125
4689.0,4722.042,-33.0419921875
4621.0,4836.0283,-215.0283203125
4836.0,4931.706,-95.7060546875
5429.0,5405.5327,23.46728515625
6311.0,6062.739,248.26123046875
5805.0,5979.758,-174.7578125
4290.0,4391.3906,-101.390625
3240.0,3238.887,1.113037109375
2861.0,2865.4644,-4.46435546875
2633.0,2627.8691,5.130859375
2071.0,2139.3206,-68.320556640625
1189.0,1573.9069,-384.9068603515625
688.0,881.231,-193.23101806640625
389.0,479.09454,-90.09454345703125
295.0,228.39307,66.60693359375
364.0,274.47128,89.52871704101562
898.0,894.5078,3.4921875
3137.0,3137.1953,-0.1953125
5886.0,5930.1875,-44.1875
6134.0,6383.4707,-249.470703125
5786.0,5681.78,104.22021484375
4843.0,5042.4155,-199.41552734375
4442.0,4561.266,-119.26611328125
4442.0,4801.844,-359.84423828125
4586.0,4646.3857,-60.3857421875
4865.0,4667.423,197.5771484375
4719.0,5155.847,-436.84716796875
4789.0,5042.557,-253.55712890625
5681.0,5239.3145,441.685546875
6566.0,6130.294,435.7060546875
6081.0,5650.215,430.78515625
4404.0,4541.1235,-137.12353515625
3219.0,3293.528,-74.528076171875
3053.0,2929.1997,123.80029296875
3060.0,2786.0127,273.9873046875
2203.0,2456.3103,-253.310302734375
1311.0,1607.3442,-296.34423828125
661.0,968.56836,-307.568359375
401.0,481.9244,-80.92440795898438
321.0,162.55893,158.44107055664062
384.0,354.31174,29.688262939453125
948.0000000000001,853.86694,94.13305664062511
3193.0,3211.5156,-18.515625
5179.0,6016.659,-837.6591796875
6295.0,6072.0356,222.96435546875
5930.0,5823.159,106.8408203125
5025.0,5069.107,-44.10693359375
4829.0,4586.657,242.3427734375
5052.0,4926.9854,125.0146484375
4974.0,5208.524,-234.52392578125
4779.0,5111.6377,-332.6376953125
4974.0,5018.174,-44.173828125
5817.0,5365.654,451.34619140625
6522.0,6295.7007,226.29931640625
5935.0,6007.9434,-72.943359375
4568.0,4511.7314,56.2685546875
3412.0,3533.0366,-121.03662109375
3033.0,3090.673,-57.673095703125
2687.0,2855.958,-168.9580078125
1960.0,2248.6926,-288.692626953125
1294.0,1536.4713,-242.4713134765625
699.0,885.3346,-186.3345947265625
408.0,518.1105,-110.1104736328125
296.0,207.34601,88.65399169921875
364.0,252.3489,111.65109252929688
940.0000000000001,863.1093,76.89068603515636
3070.0,3336.907,-266.906982421875
5702.0,5981.2285,-279.228515625
6456.0,6378.5303,77.4697265625
5583.0,5859.61,-276.60986328125
5583.0,4869.471,713.52880859375
4958.0,4977.749,-19.7490234375
4610.0,5034.0767,-424.07666015625
4848.0,4903.816,-55.81591796875
4891.0,4916.4404,-25.4404296875
5188.0,5027.414,160.5859375
5139.0,5607.694,-468.69384765625
5743.0,5695.8667,47.13330078125
6612.0,6257.0195,354.98046875
5795.0,6090.87,-295.8701171875
3890.0,4409.6484,-519.6484375
3890.0,3143.617,746.383056640625
3890.0,3284.3342,605.665771484375
3237.0,3001.462,235.5380859375
3237.0,2374.7847,862.21533203125
3237.0,2293.0647,943.935302734375
2727.0,2241.2058,485.794189453125
2727.0,2271.0144,455.985595703125
2727.0,2218.1309,508.869140625
2497.0,2316.742,180.258056640625
2497.0,2133.0454,363.95458984375
2497.0,2077.4062,419.59375
1869.9999999999998,2057.8655,-187.86547851562523
1320.0,1652.1437,-332.1436767578125
1320.0,1135.5142,184.48583984375
705.0,1013.70764,-308.7076416015625
439.0,602.62317,-163.6231689453125
439.0,259.2936,179.70639038085938
350.0,332.07565,17.924346923828125
350.0,374.61826,-24.618255615234375
350.0,534.39557,-184.39556884765625
373.0,475.9976,-102.99758911132812
373.0,534.1996,-161.1995849609375
373.0,479.8134,-106.81338500976562
888.0,531.9625,356.0374755859375
888.0,1378.423,-490.4229736328125
2917.0,1971.4053,945.5947265625
2917.0,3790.0662,-873.066162109375
5268.0,4790.408,477.591796875
5268.0,5530.18,-262.18017578125
5268.0,5548.9106,-280.91064453125
5994.0,5357.337,636.6630859375
5994.0,5911.544,82.4560546875
5994.0,5746.0674,247.9326171875
5288.0,5648.6807,-360.6806640625
5288.0,5135.935,152.06494140625
5288.0,5219.8755,68.12451171875
4543.0,5246.5186,-703.5185546875
4543.0,4590.7,-47.7001953125
4392.0,4425.009,-33.0087890625
4392.0,4454.669,-62.6689453125
4392.0,4492.131,-100.130859375
4740.0,4474.139,265.86083984375
4740.0,4780.429,-40.42919921875
5123.0,4948.735,174.26513671875
5123.0,5491.4873,-368.4873046875
5059.0,5369.024,-310.02392578125
5363.0,5160.625,202.375
5914.0,5674.6367,239.36328125
6153.0,6230.8057,-77.8056640625
5257.0,5914.0366,-657.03662109375
4664.0,4742.9023,-78.90234375
3664.0,3851.7908,-187.790771484375
3260.0,3235.5571,24.44287109375
3064.0,3047.021,16.97900390625
2835.0,2775.76,59.239990234375
1970.9999999999998,2569.4338,-598.4338378906252
1970.9999999999998,1661.1337,309.8663330078123
1970.9999999999998,1519.7872,451.2127685546873
1233.0,1654.4185,-421.41845703125
696.0,979.67865,-283.67864990234375
696.0,546.457,149.54302978515625
696.0,501.6568,194.34320068359375
646.0,608.14996,37.85003662109375
646.0,658.8059,-12.805908203125
437.0,852.955,-415.95501708984375
437.0,789.98517,-352.98516845703125
444.0,517.96106,-73.9610595703125
444.0,470.45493,-26.454925537109375
858.0,546.911,311.0889892578125
858.0,1326.0831,-468.0831298828125
1422.0,1390.947,31.052978515625
1422.0,2005.239,-583.239013671875
1990.9999999999998,2178.3345,-187.33447265625023
1990.9999999999998,2427.8174,-436.8173828125002
2714.0,2554.6804,159.319580078125
2714.0,3086.7349,-372.73486328125
3471.0,3113.1543,357.845703125
3471.0,3699.7388,-228.73876953125
3717.9999999999995,3703.7627,14.237304687499545
4213.0,3922.0718,290.92822265625
4524.0,4346.549,177.451171875
4218.0,4639.4717,-421.4716796875
4242.0,4278.292,-36.2919921875
4306.0,4253.0444,52.95556640625
4317.0,4261.126,55.8740234375
4354.0,4253.2163,100.78369140625
4109.0,4288.745,-179.7451171875
3446.0,4018.392,-572.39208984375
3192.0,3223.7397,-31.73974609375
3272.0,2959.9326,312.0673828125
3074.0,2997.4092,76.5908203125
2275.0,2583.751,-308.7509765625
1350.0,1759.4337,-409.4337158203125
826.0,793.08484,32.9151611328125
699.0,447.9295,251.07049560546875
435.0,491.03613,-56.0361328125
366.0,393.13763,-27.13763427734375
508.0,494.02216,13.97784423828125
508.0,779.58057,-271.58056640625
932.9999999999999,670.44147,262.55853271484364
932.9999999999999,1148.4208,-215.4207763671876
1195.0,1553.432,-358.4320068359375
1814.0,1724.1178,89.8822021484375
2911.0,2240.026,670.97412109375
3310.0,3379.9814,-69.9814453125
3655.0,3818.0984,-163.098388671875
4245.0,3989.1123,255.8876953125
4233.0,4416.493,-183.4931640625
4129.0,4374.7837,-245.78369140625
4063.0,4188.2856,-125.28564453125
4438.0,4041.7756,396.224365234375
4321.0,4390.609,-69.60888671875
3836.0,4249.5684,-413.568359375
3535.0,3633.8235,-98.823486328125
3015.0,3111.8064,-96.806396484375
2671.0,2676.7075,-5.70751953125
2009.0000000000002,2415.6045,-406.6044921874998
1244.0,1521.2947,-277.294677734375
721.0,683.3207,37.6793212890625
458.0,407.81583,50.184173583984375
297.0,365.95804,-68.95803833007812
368.0,253.01872,114.98127746582031
934.9999999999999,940.6149,-5.614929199218864
3048.0,2886.602,161.39794921875
5593.0,5758.0737,-165.07373046875
5793.0,6080.368,-287.3681640625
5647.0,5281.7964,365.20361328125
4603.0,4891.203,-288.203125
4346.0,4232.059,113.94091796875
4504.0,4561.5527,-57.552734375
4588.0,4711.0493,-123.04931640625
4558.0,4730.531,-172.53076171875
4794.0,4759.935,34.06494140625
5558.0,5136.5137,421.486328125
6269.0,6059.0776,209.92236328125
5708.0,5720.552,-12.5517578125
4203.0,4289.144,-86.14404296875
3277.0,3216.8381,60.161865234375
2900.0,2938.0012,-38.001220703125
2424.0,2643.2673,-219.267333984375
1965.0,2013.5968,-48.5968017578125
1096.0,1465.5945,-369.594482421875
595.0,782.4365,-187.4365234375
407.0,428.14175,-21.141754150390625
274.0,217.3094,56.69059753417969
356.0,266.90494,89.09506225585938
929.9999999999999,845.0864,84.91357421874989
3171.0,3256.388,-85.387939453125
5870.0,5949.1436,-79.1435546875
6417.0,6352.6597,64.34033203125
5455.0,5839.163,-384.1630859375
5030.0,4818.3506,211.6494140625
4346.0,4709.999,-363.9990234375
4540.0,4740.665,-200.6650390625
4952.0,4767.1772,184.82275390625
4576.0,5027.6196,-451.61962890625
5011.0,4922.163,88.8369140625
5573.0,5397.8174,175.1826171875
6358.0,6254.6846,103.3154296875
5698.0,5899.4805,-201.48046875
4360.0,4261.338,98.662109375
3337.0,3340.5537,-3.5537109375
3113.0,2981.8118,131.188232421875
2754.0,2837.199,-83.198974609375
2209.0,2203.6812,5.31884765625
1242.0,1675.8383,-433.8382568359375
657.0,924.786,-267.7860107421875
410.0,456.0693,-46.069305419921875
313.0,221.44804,91.55195617675781
377.0,347.32724,29.672760009765625
894.0,870.33264,23.6673583984375
3189.0,3078.2527,110.747314453125
5769.0,5962.047,-193.046875
6200.0,6336.31,-136.31005859375
5696.0,5720.036,-24.0361328125
5129.0,5008.873,120.126953125
4560.0,4769.0234,-209.0234375
4752.0,4860.4443,-108.4443359375
4916.0,4997.2827,-81.28271484375
4714.0,5029.7446,-315.74462890625
5138.0,5008.466,129.5341796875
5677.0,5576.959,100.041015625
6606.0,6327.6074,278.392578125
6084.0,6079.217,4.783203125
4941.0,4501.694,439.30615234375
3461.0,3673.4753,-212.475341796875
3177.0,3109.6433,67.356689453125
2949.0,2999.7986,-50.798583984375
2200.0,2438.5957,-238.595703125
1271.0,1781.9545,-510.9544677734375
697.0,935.87476,-238.874755859375
423.0,484.49097,-61.490966796875
303.0,240.49226,62.50773620605469
369.0,276.8462,92.15380859375
896.0,833.79614,62.203857421875
3110.0,3103.9846,6.015380859375
5752.0,5966.1514,-214.1513671875
6246.0,6384.8315,-138.83154296875
5702.0,5794.7383,-92.73828125
5702.0,5015.5444,686.45556640625
4855.0,5090.969,-235.96923828125
4492.0,4968.7036,-476.70361328125
4492.0,4762.936,-270.93603515625
4677.0,4504.6753,172.32470703125
4677.0,4733.7905,-56.79052734375
4677.0,4951.6865,-274.6865234375
4861.0,4944.8135,-83.8134765625
4861.0,5435.544,-574.5439453125
4734.0,5301.1606,-567.16064453125
4734.0,4878.6,-144.60009765625
4734.0,4908.2417,-174.24169921875
5135.0,4973.7134,161.28662109375
5704.0,5524.0645,179.935546875
6459.0,6015.1045,443.8955078125
5872.0,6002.663,-130.6630859375
5872.0,4808.649,1063.35107421875
4497.0,5118.818,-621.81787109375
4497.0,3923.7844,573.215576171875
3419.0,3673.7373,-254.7373046875
3419.0,3128.6057,290.394287109375
2991.0,3215.3164,-224.31640625
2613.0,2772.5442,-159.544189453125
2282.0,2582.4558,-300.455810546875
2282.0,2170.7898,111.210205078125
1454.0,2029.4766,-575.4765625
1454.0,1230.5735,223.426513671875
693.0,1040.782,-347.781982421875
460.0,629.8056,-169.80560302734375
460.0,324.2783,135.72171020507812
360.0,455.00076,-95.00076293945312
360.0,390.41806,-30.418060302734375
360.0,459.92532,-99.92532348632812
376.0,539.8354,-163.83538818359375
376.0,668.96277,-292.9627685546875
376.0,742.1564,-366.1563720703125
873.0,577.2605,295.739501953125
873.0,2069.2712,-1196.271240234375
873.0,1836.1619,-963.161865234375
2822.0,2330.0603,491.939697265625
2822.0,3456.5579,-634.557861328125
2822.0,4360.621,-1538.62109375
2822.0,4147.7334,-1325.7333984375
5266.0,3400.0642,1865.935791015625
5266.0,5303.673,-37.6728515625
5266.0,5403.2207,-137.220703125
5821.0,5560.741,260.2587890625
5821.0,5800.6826,20.3173828125
5821.0,5670.3965,150.603515625
5339.0,5573.7656,-234.765625
5339.0,5183.9717,155.0283203125
4816.0,5185.768,-369.76806640625
4816.0,4838.885,-22.884765625
4816.0,4757.607,58.39306640625
4592.0,4752.971,-160.97119140625
4592.0,4736.2188,-144.21875
4592.0,4782.67,-190.669921875
4823.0,4801.2036,21.79638671875
5253.0,4973.9946,279.00537109375
5253.0,5478.1006,-225.1005859375
5169.0,5510.522,-341.52197265625
5413.0,5158.76,254.240234375
5602.0,5516.8896,85.1103515625
6086.0,5771.236,314.76416015625
4987.0,6074.8506,-1087.8505859375
4465.0,4629.9453,-164.9453125
4465.0,3747.4736,717.5263671875
3574.0,3743.7317,-169.731689453125
3124.0,3297.5168,-173.516845703125
3121.0,3118.8591,2.140869140625
3032.0,3015.18,16.820068359375
2030.0,2864.071,-834.071044921875
1235.0,1767.8156,-532.8155517578125
781.0,725.27734,55.72265625
648.0,503.36807,144.63192749023438
418.0,480.5182,-62.5181884765625
478.0,412.78113,65.2188720703125
903.0,674.1241,228.87591552734375
1500.0,1262.4921,237.5079345703125
2236.0,2243.4287,-7.4287109375
3031.0,3132.997,-101.9970703125
3883.0,3619.7454,263.254638671875
4045.0,4269.086,-224.0859375
4418.0,4355.627,62.373046875
4505.0,4563.97,-58.97021484375
4644.0,4608.381,35.619140625
4796.0,4690.2236,105.7763671875
4674.0,4764.717,-90.716796875
4788.0,4588.8267,199.17333984375
4562.0,4631.703,-69.703125
4253.0,4318.8047,-65.8046875
3815.0,3831.96,-16.9599609375
3434.0,3395.548,38.451904296875
3435.0,3299.4778,135.522216796875
3131.0,3295.5776,-164.57763671875
2292.0,2675.772,-383.77197265625
1408.0,1723.9725,-315.9725341796875
969.0,869.20996,99.7900390625
749.0,584.80597,164.19403076171875
344.0,500.96274,-156.96273803710938
355.0,310.6844,44.31561279296875
525.0,463.56528,61.434722900390625
902.0,937.628,-35.62799072265625
1297.0,1323.6735,-26.6734619140625
2009.0000000000002,1936.0767,72.92333984375023
2927.0,2716.1506,210.849365234375
3710.9999999999995,3530.777,180.22290039062455
4021.0000000000005,4049.7727,-28.772705078124545
4250.0,4282.651,-32.65087890625
4491.0,4383.967,107.033203125
4463.0,4559.6143,-96.6142578125
4657.0,4513.7876,143.21240234375
4875.0,4636.147,238.85302734375
4657.0,4741.8535,-84.853515625
4098.0,4486.252,-388.251953125
3661.0,3731.857,-70.85693359375
3135.0,3211.2058,-76.205810546875
2803.0,2935.3904,-132.390380859375
2224.0,2744.2864,-520.286376953125
1397.0,1859.677,-462.677001953125
714.0,853.764,-139.76397705078125
402.0,399.5072,2.4927978515625
354.0,316.3334,37.666595458984375
354.0,409.456,-55.45599365234375
355.0,759.41205,-404.41204833984375
355.0,730.785,-375.78497314453125
957.0,670.82434,286.1756591796875
957.0,1859.0686,-902.068603515625
3008.0,1981.5426,1026.4573974609375
3008.0,3777.2517,-769.251708984375
5617.0,4262.9497,1354.05029296875
5617.0,5739.431,-122.43115234375
6306.0,5907.868,398.1318359375
6306.0,6159.841,146.1591796875
5522.0,5934.1714,-412.17138671875
4735.0,5277.9414,-542.94140625
4209.0,4730.1274,-521.12744140625
4485.0,4448.7637,36.236328125
4800.0,4582.727,217.27294921875
4475.0,4832.857,-357.85693359375
4677.0,4777.059,-100.05908203125
5413.0,4841.333,571.6669921875
6317.0,5852.9624,464.03759765625
5701.0,5771.746,-70.74609375
4293.0,4595.889,-302.88916015625
3143.0,3246.033,-103.032958984375
2833.0,2787.2268,45.773193359375
2492.0,2608.0327,-116.03271484375
1690.0,2050.2307,-360.230712890625
1182.0,1335.2231,-153.22314453125
638.0,769.23376,-131.2337646484375
391.0,466.80106,-75.80105590820312
297.0,279.00848,17.99151611328125
390.0,314.7215,75.27850341796875
891.0,1041.835,-150.8349609375
3184.0,3083.6853,100.314697265625
5782.0,5952.8696,-170.86962890625
6409.0,6319.791,89.208984375
5658.0,5865.9395,-207.939453125
4984.0,4920.514,63.48583984375
4386.0,4607.053,-221.05322265625
4634.0,4719.7275,-85.7275390625
4805.0,4880.6475,-75.6474609375
4664.0,4903.7393,-239.7392578125
4944.0,5009.0947,-65.0947265625
5699.0,5354.4087,344.59130859375
6558.0,6288.6475,269.3525390625
5636.0,5880.2563,-244.25634765625
4430.0,3986.318,443.681884765625
3371.0,3431.837,-60.8369140625
3266.0,3015.377,250.623046875
2727.0,2928.035,-201.034912109375
2178.0,2169.7476,8.25244140625
1269.0,1683.845,-414.844970703125
664.0,932.90155,-268.90155029296875
388.0,484.1257,-96.12570190429688
290.0,164.89821,125.10179138183594
372.0,324.26407,47.735931396484375
955.0,904.16,50.84002685546875
3121.0,3370.1384,-249.138427734375
5926.0,5986.466,-60.4658203125
6595.0,6437.206,157.7939453125
5651.0,5949.981,-298.98095703125
4974.0,4938.3193,35.6806640625
4974.0,4713.358,260.64208984375
4545.0,5220.0107,-675.0107421875
4879.0,4842.3633,36.63671875
4799.0,5040.793,-241.79296875
4860.0,5082.687,-222.68701171875
5032.0,5214.3257,-182.32568359375
5826.0,5609.101,216.89892578125
5826.0,6217.307,-391.30712890625
6668.0,5313.0854,1354.91455078125
6668.0,6241.55,426.4501953125
6108.0,5639.751,468.2490234375
4459.0,4975.9883,-516.98828125
3473.0,3635.547,-162.547119140625
3053.0,3149.4167,-96.416748046875
3072.0,2787.7268,284.273193359375
2422.0,2545.5603,-123.560302734375
1922.0,2039.2103,-117.2103271484375
750.0,1622.6245,-872.62451171875
411.0,611.95294,-200.95294189453125
306.0,359.95575,-53.95574951171875
409.0,362.78125,46.21875
911.0,1066.9875,-155.987548828125
3147.0,2954.0945,192.905517578125
5813.0,5920.298,-107.2978515625
6299.0,6385.0874,-86.08740234375
5866.0,5739.4727,126.52734375
4925.0,5213.569,-288.56884765625
4390.0,4833.4507,-443.45068359375
4654.0,4809.1157,-155.11572265625
4806.0,4799.837,6.1630859375
5029.0,4880.448,148.5517578125
5264.0,5366.0747,-102.07470703125
5264.0,5747.6143,-483.6142578125
5264.0,5933.986,-669.98583984375
5752.0,5562.488,189.51220703125
6566.0,5873.0317,692.96826171875
5905.0,6044.8657,-139.86572265625
4555.0,4824.7354,-269.7353515625
3706.9999999999995,3566.0337,140.96630859374955
3154.0,3228.367,-74.366943359375
3206.0,2929.617,276.383056640625
2959.0,2710.1445,248.85546875
1412.0,2143.5654,-731.5654296875
774.0,1096.3914,-322.391357421875
456.0,454.9949,1.005096435546875
344.0,338.3927,5.6072998046875
390.0,339.24414,50.755859375
836.0,851.6271,-15.6270751953125
2945.0,2732.4858,212.51416015625
5353.0,5787.493,-434.4931640625
5950.0,6187.7236,-237.7236328125
5232.0,5601.995,-369.9951171875
4674.0,4911.371,-237.37109375
4571.0,4767.7456,-196.74560546875
4813.0,4975.485,-162.48486328125
5121.0,5030.0356,90.96435546875
5228.0,5321.665,-93.6650390625
5400.0,5581.2,-181.2001953125
5795.0,5852.3306,-57.33056640625
6254.0,6266.159,-12.1591796875
5160.0,5934.0444,-774.04443359375
4303.0,4038.9836,264.016357421875
3506.0,3449.4033,56.5966796875
3184.0,3102.751,81.2490234375
3191.0,2954.0613,236.938720703125
3112.0,2533.168,578.83203125
2048.0,2145.3562,-97.356201171875
1225.0,1594.5419,-369.5418701171875
871.0,746.8725,124.12750244140625
581.0,569.5939,11.4061279296875
384.0,383.2182,0.78179931640625
451.0,338.78116,112.21884155273438
902.0,864.9248,37.0751953125
1530.0,1890.8408,-360.8408203125
1973.9999999999998,2364.2976,-390.2976074218752
2713.0,2887.6292,-174.629150390625
3457.0,3295.247,161.7529296875
3639.0,3928.565,-289.56494140625
4009.0000000000005,4044.2715,-35.271484374999545
4158.0,4252.104,-94.10400390625
4229.0,4329.0825,-100.08251953125
4175.0,4351.528,-176.52783203125
3947.9999999999995,4277.9604,-329.96044921875045
3973.9999999999995,3923.8765,50.123535156249545
4007.0000000000005,3740.512,266.48803710937545
3657.0,3665.7705,-8.7705078125
3247.0,3300.1567,-53.15673828125
2937.0,2945.2278,-8.227783203125
2937.0,2750.7522,186.247802734375
3001.0,2596.477,404.52294921875
3005.0,2314.874,690.1259765625
1967.9999999999998,2149.2832,-181.28320312500023
1487.0,1354.1825,132.8175048828125
924.0,967.3697,-43.36968994140625
869.0,645.0893,223.91070556640625
546.0,561.2345,-15.2344970703125
378.0,463.12762,-85.12762451171875
657.0,393.91882,263.0811767578125
1210.0,740.3815,469.6185302734375
1286.0,1581.2197,-295.2197265625
1286.0,2121.1694,-835.16943359375
1865.9999999999998,2017.4976,-151.49755859375023
1865.9999999999998,2313.4958,-447.4958496093752
2855.0,2301.3123,553.687744140625
3500.0,3224.4788,275.521240234375
3824.0,3754.1423,69.857666015625
4016.0000000000005,4186.4497,-170.44970703124955
4489.0,4286.278,202.72216796875
4435.0,4655.38,-220.3798828125
4412.0,4479.5635,-67.5634765625
4412.0,4424.0454,-12.04541015625
4485.0,4287.6978,197.30224609375
4485.0,4327.562,157.43798828125
4485.0,4295.865,189.134765625
4146.0,4246.339,-100.3388671875
4146.0,3854.6152,291.384765625
3946.9999999999995,3817.6797,129.32031249999955
3604.0,3654.9756,-50.9755859375
3344.0,3400.3108,-56.310791015625
2794.0,3111.0654,-317.0654296875
2084.0,2451.1577,-367.15771484375
1224.0,1620.0375,-396.0374755859375
640.0,725.19226,-85.1922607421875
384.0,309.92175,74.0782470703125
317.0,351.8758,-34.87579345703125
333.0,493.77884,-160.77883911132812
915.0,677.53217,237.46783447265625
3051.0,2152.5825,898.41748046875
5560.0,5169.5757,390.42431640625
6313.0,6068.664,244.3359375
6313.0,5824.781,488.21923828125
5427.0,5400.122,26.8779296875
4638.0,4739.148,-101.14794921875
4233.0,4644.3535,-411.353515625
4491.0,4564.481,-73.48095703125
4522.0,4566.2905,-44.29052734375
4625.0,4600.1997,24.80029296875
4808.0,4866.612,-58.61181640625
5483.0,5316.9165,166.08349609375
5632.0,6112.6113,-480.611328125
5590.0,5444.049,145.951171875
4288.0,5193.6465,-905.646484375
3190.0,3379.3005,-189.300537109375
2911.0,2839.705,71.294921875
2431.0,2723.901,-292.90087890625
1742.0,2015.9166,-273.9166259765625
1116.0,1393.1151,-277.1151123046875
625.0,745.7857,-120.78570556640625
368.0,445.37674,-77.37673950195312
299.0,259.57117,39.4288330078125
352.0,410.17328,-58.17327880859375
819.0,952.93353,-133.93353271484375
2764.0,2845.8657,-81.86572265625
4240.0,5648.362,-1408.36181640625
5655.0,5320.383,334.6171875
5960.0,5388.412,571.587890625
4925.0,5191.044,-266.0439453125
4455.0,4394.7354,60.2646484375
4727.0,4431.8926,295.107421875
4998.0,4853.2725,144.7275390625
4875.0,5041.77,-166.77001953125
4922.0,5027.5835,-105.58349609375
5722.0,5267.833,454.1669921875
6357.0,6103.7583,253.24169921875
5912.0,5900.109,11.89111328125
4740.0,4623.0425,116.95751953125
3288.0,3587.4734,-299.473388671875
3076.0,2998.7737,77.226318359375
2686.0,2898.0298,-212.02978515625
2152.0,2193.0317,-41.03173828125
1263.0,1738.0444,-475.04443359375
662.0,921.8147,-259.814697265625
398.0,471.33362,-73.3336181640625
352.0,220.4063,131.5937042236328
409.0,415.3992,-6.399200439453125
908.0,919.8191,-11.819091796875
3063.0,2969.5183,93.481689453125
3063.0,5837.769,-2774.76904296875
5431.0,5359.755,71.2451171875
5431.0,5669.483,-238.48291015625
5853.0,5209.1665,643.83349609375
5853.0,5598.766,254.23388671875
5873.0,5364.611,508.38916015625
5068.0,5435.058,-367.05810546875
5068.0,4859.3413,208.65869140625
4665.0,5024.0845,-359.08447265625
4986.0,4762.321,223.67919921875
5141.0,5020.999,120.0009765625
4874.0,5285.4907,-411.49072265625
5044.0,5194.66,-150.66015625
5655.0,5412.3447,242.6552734375
5655.0,6093.3296,-438.32958984375
6455.0,5677.399,777.60107421875
5773.0,6370.5337,-597.53369140625
4500.0,4451.7476,48.25244140625
3389.0,3600.9973,-211.997314453125
2992.0,3143.3462,-151.34619140625
2559.0,2826.5364,-267.536376953125
2344.0,2188.493,155.507080078125
1320.0,1982.8457,-662.845703125
709.0,970.34454,-261.34454345703125
413.0,431.94318,-18.94317626953125
324.0,322.09702,1.902984619140625
403.0,351.18744,51.81256103515625
887.0,1003.16064,-116.16064453125
3091.0,2941.1914,149.80859375
5589.0,5847.377,-258.376953125
6435.0,6208.9697,226.0302734375
5736.0,5896.2383,-160.23828125
4976.0,5036.002,-60.001953125
4388.0,4737.184,-349.18408203125
4652.0,4758.1997,-106.19970703125
4977.0,4859.52,117.47998046875
4931.0,5041.795,-110.794921875
5104.0,5280.351,-176.35107421875
5707.0,5540.936,166.06396484375
6303.0,6337.168,-34.16796875
5783.0,6045.588,-262.587890625
4569.0,4473.2495,95.75048828125
3570.0,3474.0383,95.961669921875
3103.0,3114.562,-11.56201171875
3023.0,2916.32,106.679931640625
2303.0,2521.7048,-218.704833984375
1379.0,1798.7622,-419.76220703125
778.0,1027.5884,-249.58837890625
435.0,509.0735,-74.073486328125
371.0,276.23288,94.76712036132812
398.0,382.36508,15.634918212890625
853.0,888.0609,-35.0609130859375
2900.0,2843.1997,56.80029296875
5265.0,5764.985,-499.98486328125
5783.0,6155.3374,-372.33740234375
5213.0,5437.043,-224.04296875
4577.0,4824.07,-247.06982421875
4384.0,4570.2607,-186.2607421875
4384.0,4737.8174,-353.8173828125
4820.0,4530.7007,289.29931640625
4820.0,4939.9224,-119.92236328125
4820.0,5130.2646,-310.2646484375
5073.0,5182.682,-109.68212890625
5067.0,5731.4937,-664.49365234375
5456.0,5459.288,-3.2880859375
5646.0,5616.1978,29.80224609375
5888.0,5570.98,317.02001953125
5135.0,5649.9517,-514.95166015625
4753.0,4359.6865,393.3134765625
3767.0000000000005,3905.1663,-138.16625976562455
3461.0,3420.7632,40.23681640625
2632.0,3295.336,-663.3359375
2632.0,2532.9944,99.005615234375
2632.0,2483.9968,148.003173828125
2594.0,2344.3784,249.62158203125
2594.0,2235.3442,358.65576171875
2594.0,2130.172,463.827880859375
1833.0,2138.4207,-305.420654296875
1833.0,1537.8501,295.14990234375
1078.0,1488.2319,-410.23193359375
1078.0,1048.396,29.60400390625
668.0,815.16705,-147.16705322265625
668.0,572.438,95.56201171875
519.0,491.5952,27.40478515625
362.0,432.1088,-70.10879516601562
423.0,341.53064,81.4693603515625
850.0,443.8883,406.1116943359375
1427.0,1116.7616,310.2384033203125
1427.0,2068.6199,-641.619873046875
1817.0,2711.5583,-894.558349609375
2559.0,2477.8394,81.16064453125
2559.0,2972.3757,-413.375732421875
3477.0,3076.5403,400.459716796875
3961.9999999999995,3792.7175,169.28247070312455
4236.0,4216.9233,19.07666015625
4236.0,4541.7104,-305.71044921875
4263.0,4379.7812,-116.78125
4263.0,4318.2104,-55.21044921875
4552.0,4279.485,272.51513671875
4552.0,4526.018,25.98193359375
4552.0,4470.696,81.30419921875
4379.0,4435.297,-56.296875
4379.0,4175.7153,203.28466796875
4493.0,4131.384,361.6162109375
4300.0,4253.1426,46.857421875
4602.0,4146.993,455.0068359375
4087.0,4518.067,-431.06689453125
3237.0,3968.2075,-731.20751953125
2962.0,2976.6204,-14.620361328125
2938.0,2775.0298,162.97021484375
2573.0,2750.0046,-177.004638671875
2015.0000000000002,2213.1248,-198.12475585937477
1323.0,1700.7643,-377.7642822265625
812.0,1036.8574,-224.857421875
689.0,560.21216,128.787841796875
396.0,549.3158,-153.3157958984375
356.0,362.18777,-6.187774658203125
356.0,418.16434,-62.164337158203125
504.0,531.4291,-27.4290771484375
962.0,767.87933,194.12066650390625
962.0,1355.5442,-393.544189453125
1210.0,1988.4723,-778.4722900390625
1903.0,1967.9049,-64.9049072265625
3030.0,2337.9993,692.000732421875
3734.9999999999995,3475.9958,259.00415039062455
4072.0,4108.379,-36.37890625
4454.0,4386.4707,67.529296875
4507.0,4596.144,-89.14404296875
4396.0,4608.337,-212.3369140625
4595.0,4438.2754,156.724609375
4875.0,4572.311,302.68896484375
4555.0,4755.0645,-200.064453125
4229.0,4454.311,-225.31103515625
3684.0,4002.1555,-318.155517578125
3316.0,3287.1152,28.884765625
2735.0,2994.1238,-259.123779296875
2109.0,2504.6396,-395.6396484375
1560.0,1687.5388,-127.538818359375
703.0,1005.77893,-302.7789306640625
421.0,384.73416,36.265838623046875
327.0,339.17853,-12.17852783203125
375.0,342.37616,32.62384033203125
375.0,920.576,-545.5759887695312
890.0,722.97784,167.02215576171875
890.0,2366.1367,-1476.13671875
3047.0,1541.2179,1505.7821044921875
3047.0,4257.9272,-1210.92724609375
5580.0,4217.881,1362.119140625
5580.0,5787.546,-207.5458984375
6280.0,5760.2036,519.79638671875
6280.0,6066.0557,213.9443359375
5582.0,5836.421,-254.4208984375
5582.0,5242.7197,339.2802734375
4694.0,5266.9634,-572.96337890625
4694.0,4709.278,-15.27783203125
4357.0,4813.727,-456.72705078125
4432.0,4432.1196,-0.11962890625
4606.0,4499.113,106.88720703125
4669.0,4796.897,-127.89697265625
4814.0,4913.8804,-99.88037109375
5395.0,5158.92,236.080078125
6651.0,5674.6177,976.38232421875
5590.0,6023.764,-433.76416015625
4308.0,4170.091,137.9091796875
3314.0,3339.7874,-25.787353515625
2795.0,3034.178,-239.177978515625
2330.0,2638.6333,-308.63330078125
1723.0,2058.3833,-335.38330078125
1148.0,1414.0883,-266.0882568359375
606.0,727.4357,-121.43572998046875
376.0,409.51395,-33.513946533203125
288.0,240.38249,47.61750793457031
362.0,365.27664,-3.276641845703125
912.0,936.9245,-24.92449951171875
3153.0,3214.2507,-61.250732421875
5814.0,5969.228,-155.22802734375
5814.0,6315.967,-501.966796875
4416.0,5498.3477,-1082.34765625
4515.0,4391.2993,123.70068359375
4515.0,4698.5527,-183.552734375
4940.0,5013.6826,-73.6826171875
4940.0,5193.16,-253.16015625
4726.0,5375.7803,-649.7802734375
4726.0,5106.5933,-380.59326171875
4726.0,5116.006,-390.005859375
5040.0,5282.723,-242.72314453125
5040.0,5462.476,-422.47607421875
5555.0,5311.3853,243.61474609375
5555.0,5857.729,-302.72900390625
6471.0,5544.34,926.66015625
5656.0,6265.587,-609.5869140625
4121.0,4790.8447,-669.8447265625
3272.0,3468.8882,-196.88818359375
2888.0,2992.659,-104.658935546875
2532.0,2527.7278,4.272216796875
1771.0,2029.8156,-258.8155517578125
1168.0,1428.9211,-260.921142578125
643.0,816.54047,-173.54046630859375
393.0,472.80203,-79.80203247070312
295.0,343.04532,-48.045318603515625
295.0,312.74503,-17.745025634765625
374.0,671.64813,-297.64813232421875
912.0,1072.9602,-160.960205078125
912.0,2729.0483,-1817.04833984375
3119.0,2667.0735,451.926513671875
5730.0,3908.5312,1821.46875
6430.0,6223.255,206.7451171875
5864.0,6257.0684,-393.068359375
4902.0,5411.2607,-509.2607421875
4610.0,4807.349,-197.34912109375
4838.0,4898.3193,-60.3193359375
5004.0,5179.1343,-175.13427734375
4741.0,5181.475,-440.47509765625
5128.0,5202.7754,-74.775390625
5798.0,5567.0474,230.95263671875
6652.0,6276.5576,375.4423828125
6043.0,5835.379,207.62109375
4806.0,4369.9688,436.03125
3655.0,3589.157,65.843017578125
3130.0,3225.176,-95.176025390625
3267.0,2952.781,314.218994140625
2711.0,2728.4922,-17.4921875
1478.0,1946.0647,-468.064697265625
801.0,1156.9712,-355.97119140625
482.0,526.0216,-44.0216064453125
336.0,283.57074,52.42926025390625
336.0,265.95102,70.04898071289062
379.0,610.80634,-231.80633544921875
379.0,931.9086,-552.9086303710938
935.9999999999999,990.585,-54.585021972656364
935.9999999999999,2097.2917,-1161.291748046875
3022.0,3065.4333,-43.433349609375
3022.0,3679.3186,-657.318603515625
5423.0,5242.401,180.59912109375
5423.0,5576.8174,-153.8173828125
6313.0,5745.3286,567.67138671875
6313.0,6287.9097,25.09033203125
5908.0,6062.428,-154.42822265625
5908.0,5732.6914,175.30859375
4788.0,5672.321,-884.32080078125
4517.0,4867.565,-350.56494140625
4675.0,4650.102,24.89794921875
4927.0,4670.648,256.35205078125
4990.0,4946.947,43.05322265625
5155.0,5348.536,-193.5361328125
5654.0,5506.334,147.666015625
6532.0,6108.4385,423.5615234375
5871.0,6151.7676,-280.767578125
4426.0,4641.502,-215.501953125
3530.0,3407.828,122.172119140625
3290.0,3107.6487,182.351318359375
3176.0,2962.7722,213.227783203125
2420.0,2577.9885,-157.988525390625
1406.0,1997.1212,-591.1212158203125
731.0,1051.238,-320.238037109375
471.00000000000006,471.43402,-0.43402099609369316
374.0,371.1803,2.8197021484375
404.0,430.97415,-26.974151611328125
818.0,904.8058,-86.8057861328125
2854.0,2685.5547,168.4453125
2854.0,5755.6006,-2901.6005859375
5227.0,5369.219,-142.21923828125
5950.0,5561.615,388.384765625
5211.0,5706.85,-495.85009765625
4584.0,5196.634,-612.6337890625
4512.0,4690.9014,-178.9013671875
4796.0,4783.745,12.2548828125
4941.0,5077.1523,-136.15234375
5053.0,5097.6567,-44.65673828125
5367.0,5355.676,11.32421875
5684.0,5759.9443,-75.9443359375
5868.0,5876.424,-8.423828125
5309.0,5711.487,-402.48681640625
4616.0,4459.5493,156.45068359375
3712.9999999999995,3800.177,-87.17700195312545
3344.0,3428.2014,-84.201416015625
3374.0,3307.8706,66.12939453125
3117.0,3077.8804,39.11962890625
2271.0,2632.1104,-361.1103515625
1412.0,1926.8215,-514.821533203125
831.0,900.9509,-69.950927734375
665.0,515.15625,149.84375
423.0,425.91077,-2.9107666015625
423.0,361.6993,61.300689697265625
459.0,736.8987,-277.898681640625
876.0,718.6762,157.32379150390625
876.0,1220.8362,-344.836181640625
876.0,1528.8021,-652.8021240234375
1560.0,1772.0034,-212.00341796875
2004.0000000000002,1944.9061,59.09387207031273
2004.0000000000002,2656.2659,-652.2658691406248
2806.0,2860.4644,-54.46435546875
3514.0,3168.8582,345.141845703125
3970.9999999999995,3803.516,167.48388671874955
4198.0,4215.806,-17.80615234375
4310.0,4454.375,-144.375
4262.0,4473.729,-211.72900390625
4280.0,4315.097,-35.09716796875
4188.0,4274.7505,-86.75048828125
4305.0,4132.326,172.673828125
4134.0,4187.325,-53.3251953125
3920.0,3930.8318,-10.831787109375
3567.0,3615.9517,-48.95166015625
3362.0,3249.962,112.0380859375
3378.0,3104.213,273.787109375
3167.0,3027.321,139.678955078125
2511.0,2652.8262,-141.826171875
2511.0,1987.4448,523.55517578125
1406.0,1998.3905,-592.3905029296875
868.0,1003.25934,-135.25933837890625
868.0,415.7339,452.26611328125
678.0,616.5342,61.4658203125
392.0,563.80237,-171.8023681640625
392.0,445.8416,-53.84161376953125
365.0,431.88684,-66.8868408203125
365.0,419.17114,-54.171142578125
529.0,441.03683,87.96316528320312
983.9999999999999,641.1293,342.8707275390624
983.9999999999999,1290.008,-306.0080566406251
1196.0,2019.1273,-823.1273193359375
1196.0,2031.0995,-835.0994873046875
1850.0,1620.5149,229.485107421875
1850.0,2144.5366,-294.53662109375
2713.0,2473.7673,239.232666015625
2713.0,3123.9277,-410.927734375
3534.0,3220.4133,313.586669921875
3856.0,3830.5928,25.4072265625
4037.0,4092.0605,-55.060546875
4522.0,4275.6284,246.37158203125
4468.0,4696.982,-228.98193359375
4351.0,4589.1177,-238.11767578125
4466.0,4419.4814,46.5185546875
4313.0,4455.181,-142.18115234375
4012.0000000000005,4214.33,-202.33007812499955
3658.0,3805.509,-147.509033203125
3151.0,3320.8958,-169.895751953125
2708.0,2796.5784,-88.578369140625
1930.0,2436.1638,-506.163818359375
1282.0,1467.872,-185.8719482421875
651.0,747.2343,-96.23431396484375
434.0,388.33182,45.668182373046875
355.0,384.39136,-29.391357421875
348.0,419.34027,-71.34027099609375
924.0,794.9364,129.0635986328125
3025.0,2986.3384,38.66162109375
5546.0,5736.4272,-190.42724609375
6383.0,6069.548,313.4521484375
5642.0,5810.2627,-168.2626953125
4714.0,4790.6606,-76.66064453125
4216.0,4358.558,-142.55810546875
4440.0,4501.1265,-61.12646484375
4673.0,4688.625,-15.625
4494.0,4789.2656,-295.265625
4811.0,4743.244,67.755859375
5245.0,5158.8647,86.13525390625
6163.0,5990.38,172.6201171875
5603.0,5886.0366,-283.03662109375
4077.0,4286.881,-209.880859375
3247.0,3086.1558,160.84423828125
2835.0,2846.3535,-11.353515625
2615.0,2553.9775,61.0224609375
1823.0,2077.6033,-254.603271484375
1117.0,1322.8579,-205.85791015625
571.0,773.8144,-202.81439208984375
394.0,422.43964,-28.43963623046875
284.0,226.26315,57.736846923828125
340.0,303.26834,36.731658935546875
940.0000000000001,784.20667,155.7933349609376
3184.0,3309.083,-125.0830078125
5702.0,5953.5386,-251.53857421875
6573.0,6260.3735,312.62646484375
5841.0,5919.6636,-78.66357421875
4766.0,4961.8433,-195.84326171875
4478.0,4437.2095,40.79052734375
4741.0,4796.981,-55.98095703125
4996.0,4965.313,30.68701171875
4832.0,5115.293,-283.29296875
4985.0,5240.7437,-255.74365234375
5672.0,5388.4604,283.53955078125
6373.0,6288.8403,84.15966796875
6014.0,5921.57,92.43017578125
4525.0,4663.454,-138.4541015625
3423.0,3361.8926,61.107421875
3046.0,3036.7097,9.290283203125
2784.0,2835.2083,-51.208251953125
2287.0,2276.5417,10.458251953125
2772.0,1722.0282,1049.9718017578125
793.0,1417.6436,-624.6435546875
491.99999999999994,574.6689,-82.6688842773438
335.0,363.21762,-28.217620849609375
403.0,251.91646,151.0835418701172
948.0000000000001,1232.8348,-284.8348388671874
3181.0,3317.0251,-136.025146484375
5767.0,5851.5615,-84.5615234375
6561.0,6323.9575,237.04248046875
5930.0,5858.5674,71.4326171875
4672.0,5057.207,-385.20703125
4638.0,4449.6685,188.33154296875
4979.0,4966.1553,12.8447265625
5016.0,5132.292,-116.2919921875
4841.0,5201.122,-360.1220703125
4968.0,5217.0312,-249.03125
5428.0,5381.402,46.59814453125
5541.0,6135.0957,-594.095703125
5920.0,5778.2236,141.7763671875
4545.0,5875.0156,-1330.015625
3358.0,3618.8489,-260.848876953125
3133.0,2856.278,276.721923828125
2687.0,2898.0068,-211.0068359375
1742.0,2127.937,-385.93701171875
1051.0,1310.4017,-259.4017333984375
652.0,651.60333,0.39666748046875
399.0,482.5279,-83.52789306640625
300.0,289.44724,10.552764892578125
412.0,328.30383,83.6961669921875
977.0,1108.0673,-131.0672607421875
3150.0,3254.6155,-104.615478515625
5386.0,5863.883,-477.8828125
6494.0,6094.534,399.4658203125
5847.0,5914.897,-67.89697265625
4976.0,4972.9,3.10009765625
4466.0,4557.623,-91.623046875
4574.0,4713.5293,-139.529296875
4961.0,4833.4683,127.53173828125
4785.0,5015.27,-230.27001953125
4927.0,5098.318,-171.31787109375
5729.0,5316.5776,412.42236328125
6272.0,6314.6846,-42.6845703125
6272.0,5956.1973,315.802734375
5928.0,5040.1562,887.84375
4580.0,4678.364,-98.36376953125
3724.9999999999995,3632.017,92.98291015624955
3205.0,3262.777,-57.777099609375
3090.0,2980.0461,109.953857421875
2377.0,2738.8533,-361.853271484375
1380.0,2078.827,-698.826904296875
809.0,1137.7434,-328.743408203125
449.0,515.0654,-66.0654296875
363.0,346.65857,16.3414306640625
363.0,358.92065,4.079345703125
408.0,826.29504,-418.2950439453125
899.0,1049.1367,-150.13671875
2821.0,2761.967,59.032958984375
5243.0,5410.166,-167.166015625
5994.0,6074.5225,-80.5224609375
5994.0,5721.693,272.30712890625
5406.0,5402.843,3.1572265625
4719.0,4994.276,-275.27587890625
4510.0,4871.6255,-361.62548828125
4948.0,4845.7324,102.267578125
5076.0,5062.5054,13.49462890625
5027.0,5147.314,-120.31396484375
5289.0,5453.1875,-164.1875
5581.0,5765.4585,-184.45849609375
5734.0,6098.069,-364.06884765625
5141.0,5639.81,-498.81005859375
4536.0,4509.388,26.61181640625
3703.0,3890.743,-187.742919921875
3279.0,3518.3484,-239.348388671875
3177.0,3275.5525,-98.552490234375
2903.0,2980.0474,-77.04736328125
2126.0,2537.9092,-411.9091796875
1569.0,1693.8893,-124.8892822265625
806.0,1085.3837,-279.3836669921875
598.0,572.8368,25.1632080078125
598.0,382.80283,215.19717407226562
448.0,694.72833,-246.72833251953125
448.0,537.95416,-89.95416259765625
523.0,607.45386,-84.453857421875
523.0,671.74646,-148.7464599609375
940.0000000000001,744.16113,195.8388671875001
940.0000000000001,1109.731,-169.7309570312499
1648.0,1655.216,-7.2159423828125
1648.0,2052.1143,-404.1142578125
2229.0,2508.727,-279.72705078125
2229.0,2689.1501,-460.150146484375
2987.0,2763.5952,223.40478515625
2987.0,3244.9233,-257.92333984375
3922.0,3257.947,664.052978515625
3922.0,4105.889,-183.88916015625
5146.0,4141.6313,1004.36865234375
5146.0,5283.552,-137.5517578125
4916.0,5187.004,-271.00390625
4448.0,4980.7607,-532.7607421875
4438.0,4378.616,59.3837890625
4710.0,4334.7246,375.275390625
4893.0,4514.4824,378.517578125
4897.0,4707.489,189.51123046875
4664.0,4860.111,-196.11083984375
4157.0,4665.491,-508.4912109375
3619.0,4001.618,-382.617919921875
3543.0,3497.8672,45.1328125
3442.0,3523.643,-81.64306640625
3128.0,3150.4824,-22.482421875
2044.0,2632.911,-588.910888671875
1346.0,1460.7863,-114.7862548828125
997.0000000000001,774.863,222.13702392578136
726.0,654.47546,71.5245361328125
386.0,512.2538,-126.2537841796875
388.0,378.10788,9.892120361328125
552.0,487.3569,64.64309692382812
993.9999999999999,892.61523,101.38476562499989
1277.0,1751.3136,-474.3135986328125
1970.9999999999998,2250.0547,-279.0546875000002
2895.0,2701.5474,193.45263671875
3766.0000000000005,3499.803,266.19702148437545
4384.0,4093.5967,290.4033203125
4624.0,4614.5537,9.4462890625
4596.0,4780.8906,-184.890625
4742.0,4651.121,90.87890625
4779.0,4774.704,4.2958984375
4989.0,4760.568,228.43212890625
4870.0,4826.3926,43.607421875
4287.0,4645.3564,-358.3564453125
3792.0000000000005,3959.3096,-167.30957031249955
3213.0,3375.6804,-162.680419921875
2682.0,3014.4236,-332.423583984375
1972.9999999999998,2665.2644,-692.2644042968752
2369.0,1588.4806,780.5194091796875
922.0,1819.7186,-897.7186279296875
473.00000000000006,508.35745,-35.35745239257807
346.0,303.61407,42.38592529296875
369.0,279.7117,89.28829956054688
941.0000000000001,881.4967,59.503295898437614
3005.0,2782.4233,222.57666015625
3005.0,5592.9795,-2587.9794921875
3005.0,4142.877,-1137.876953125
3005.0,3762.1348,-757.134765625
5352.0,3481.324,1870.676025390625
6077.0,5156.043,920.95703125
5349.0,5323.152,25.84814453125
5349.0,5033.0547,315.9453125
4777.0,5196.4233,-419.42333984375
4777.0,4705.8022,71.19775390625
4777.0,4871.831,-94.8310546875
4375.0,4964.0825,-589.08251953125
4375.0,4555.3477,-180.34765625
4375.0,4468.464,-93.4638671875
4375.0,4341.514,33.48583984375
4532.0,4511.439,20.56103515625
4532.0,4699.8096,-167.8095703125
4532.0,4720.7026,-188.70263671875
4842.0,4723.0146,118.9853515625
4690.0,5190.117,-500.1171875
5001.0,4991.5728,9.42724609375
5001.0,5421.278,-420.27783203125
5388.0,5302.5347,85.46533203125
6423.0,5752.616,670.3837890625
6423.0,6277.0815,145.91845703125
5848.0,5736.232,111.76806640625
5848.0,5167.553,680.44677734375
4285.0,5171.78,-886.77978515625
3231.0,3998.4167,-767.416748046875
3231.0,3193.8928,37.107177734375
2726.0,3074.2036,-348.20361328125
2726.0,2200.758,525.241943359375
2240.0,2392.8342,-152.834228515625
1617.0,1930.0148,-313.0147705078125
1005.0000000000001,1346.6941,-341.6940917968749
659.0,789.0472,-130.04718017578125
416.0,562.9471,-146.94708251953125
316.0,331.25348,-15.25347900390625
336.0,461.22195,-125.22195434570312
996.0000000000001,647.1133,348.8867187500001
3136.0,2234.2053,901.794677734375
5701.0,5401.519,299.48095703125
6837.0,6247.4146,589.58544921875
6123.0,6098.3477,24.65234375
5053.0,5260.567,-207.56689453125
4540.0,4757.9053,-217.9052734375
4652.0,4816.023,-164.02294921875
4794.0,5013.7144,-219.71435546875
4762.0,4973.4585,-211.45849609375
4994.0,5084.712,-90.7119140625
5660.0,5358.0894,301.91064453125
6229.0,6231.2295,-2.2294921875
5875.0,5998.431,-123.43115234375
4435.0,4655.053,-220.05322265625
3410.0,3334.7178,75.2822265625
3003.0,3000.8433,2.15673828125
2504.0,2794.5095,-290.509521484375
1747.0,2075.2905,-328.29052734375
1117.0,1376.2424,-259.242431640625
635.0,741.04724,-106.0472412109375
425.0,459.211,-34.21099853515625
279.0,266.10495,12.895050048828125
393.0,252.25546,140.74453735351562
993.9999999999999,1051.4086,-57.408569335937614
3163.0,3446.4067,-283.40673828125
5766.0,5952.296,-186.2958984375
6589.0,6319.2017,269.79833984375
6056.0,5919.1025,136.8974609375
5116.0,5088.5054,27.49462890625
4583.0,4629.6772,-46.67724609375
4734.0,4826.3545,-92.3544921875
5043.0,4969.9546,73.04541015625
4938.0,5095.648,-157.64794921875
5216.0,5263.558,-47.55810546875
5707.0,5706.164,0.8359375
6470.0,6397.6763,72.32373046875
5819.0,6230.305,-411.30517578125
4446.0,4383.22,62.77978515625
3444.0,3431.085,12.9150390625
3154.0,3054.7683,99.231689453125
2627.0,2913.6816,-286.681640625
1928.0,2128.5222,-200.522216796875
1169.0,1529.4977,-360.4976806640625
596.0,799.5623,-203.56231689453125
402.0,441.33093,-39.3309326171875
381.0,239.76155,141.2384490966797
976.0,616.792,359.2080078125
3163.0,3185.4348,-22.434814453125
5860.0,5750.2383,109.76171875
6815.0,6350.618,464.3818359375
6162.0,6093.8745,68.12548828125
5583.0,5255.713,327.287109375
4837.0,4933.3916,-96.3916015625
5015.0,4956.2583,58.74169921875
5136.0,5260.641,-124.64111328125
5051.0,5227.9404,-176.9404296875
5312.0,5337.37,-25.3701171875
5848.0,5757.072,90.92822265625
6586.0,6431.183,154.81689453125
5780.0,6380.6025,-600.6025390625
4750.0,4338.643,411.35693359375
3519.0,3755.8655,-236.865478515625
2996.0,3148.3394,-152.33935546875
2717.0,2914.0366,-197.03662109375
2107.0,2297.4524,-190.452392578125
1904.0,1603.708,300.2919921875
790.0,1282.0614,-492.0614013671875
505.0,627.59375,-122.59375
505.0,307.6215,197.37850952148438
387.0,662.36743,-275.367431640625
387.0,676.75745,-289.7574462890625
424.0,819.31,-395.30999755859375
424.0,824.28357,-400.2835693359375
424.0,938.87946,-514.8794555664062
916.0,1099.085,-183.0849609375
916.0,1086.1914,-170.19140625
2950.0,2188.073,761.927001953125
2950.0,3693.91,-743.909912109375
2950.0,5045.4688,-2095.46875
5259.0,4602.5825,656.41748046875
5259.0,5415.7954,-156.79541015625
5259.0,5581.29,-322.2900390625
6243.0,5613.9253,629.07470703125
6243.0,6126.584,116.416015625
6243.0,5830.6655,412.33447265625
6243.0,5733.9907,509.00927734375
6243.0,5659.735,583.26513671875
5687.0,5587.6855,99.314453125
5687.0,5262.313,424.68701171875
5687.0,5352.4707,334.529296875
4971.0,5372.367,-401.3671875
4971.0,4878.004,92.99609375
4971.0,4836.8354,134.16455078125
4971.0,4969.4004,1.599609375
4539.0,5160.7676,-621.767578125
4539.0,4874.163,-335.1630859375
4539.0,4837.3296,-298.32958984375
4391.0,4800.4785,-409.478515625
4391.0,4637.3643,-246.3642578125
4391.0,4581.659,-190.6591796875
4391.0,4591.7227,-200.72265625
4971.0,4588.3516,382.6484375
4971.0,5321.983,-350.98291015625
4971.0,5353.0605,-382.060546875
5149.0,5323.312,-174.31201171875
5149.0,5569.367,-420.3671875
5149.0,5497.3945,-348.39453125
5149.0,5389.61,-240.60986328125
5499.0,5305.9663,193.03369140625
5499.0,5646.286,-147.2861328125
5499.0,5615.9375,-116.9375
5879.0,5568.8823,310.11767578125
5879.0,5833.026,45.97412109375
6088.0,5827.4473,260.552734375
6088.0,5899.3164,188.68359375
6088.0,5841.371,246.62890625
5750.0,5754.2383,-4.23828125
5750.0,5474.731,275.26904296875
5750.0,5338.606,411.39404296875
4755.0,5264.0845,-509.08447265625
4755.0,4589.9624,165.03759765625
4755.0,4231.958,523.0419921875
3467.0,4071.4167,-604.416748046875
3076.0,3648.977,-572.97705078125
3164.0,3205.4346,-41.4345703125
2435.0,3180.733,-745.73291015625
1859.9999999999998,2392.6223,-532.6223144531252
1089.0,1637.381,-548.3809814453125
1089.0,755.26227,333.73773193359375
725.0,770.7745,-45.77447509765625
725.0,696.16864,28.83135986328125
494.99999999999994,662.5429,-167.5429077148438
494.99999999999994,442.65234,52.34765624999994
494.99999999999994,477.97604,17.023956298828068
366.0,549.4482,-183.44818115234375
366.0,492.92834,-126.9283447265625
500.00000000000006,491.03006,8.969940185546932
500.00000000000006,689.6762,-189.6762084960937
875.0,776.7337,98.26629638671875
875.0,1379.0674,-504.0673828125
1837.0,1448.9913,388.0086669921875
1837.0,2431.9067,-594.90673828125
2672.0,2978.4,-306.39990234375
2672.0,3298.2683,-626.268310546875
2672.0,3285.028,-613.028076171875
3503.0,3110.1863,392.813720703125
3503.0,3702.681,-199.680908203125
3503.0,3665.423,-162.423095703125
4100.0,3672.1216,427.87841796875
4100.0,4179.27,-79.27001953125
4100.0,4178.2646,-78.2646484375
4509.0,4206.8975,302.1025390625
4509.0,4621.4385,-112.4384765625
4647.0,4614.789,32.2109375
4647.0,4829.306,-182.30615234375
4846.0,4794.09,51.91015625
4585.0,5005.228,-420.22802734375
4696.0,4673.0454,22.95458984375
5015.0,4738.044,276.9560546875
4677.0,5078.7095,-401.70947265625
4541.0,4780.7485,-239.74853515625
3914.0,4539.9893,-625.9892578125
3371.0,3759.202,-388.201904296875
3071.0,3247.3484,-176.348388671875
3156.0,3043.3418,112.658203125
3156.0,2936.5415,219.45849609375
2713.0,2613.2803,99.7197265625
2713.0,2281.7478,431.252197265625
2713.0,2259.2812,453.71875
2134.0,2320.777,-186.777099609375
2134.0,1843.3658,290.6341552734375
2134.0,1808.575,325.425048828125
1375.0,1819.234,-444.2340087890625
1375.0,1269.0719,105.9281005859375
855.0,1087.5109,-232.5108642578125
855.0,755.559,99.44097900390625
855.0,618.19867,236.80133056640625
614.0,648.63763,-34.63763427734375
614.0,578.17944,35.820556640625
614.0,593.3076,20.6923828125
382.0,559.2939,-177.29388427734375
382.0,361.0159,20.984100341796875
382.0,341.21255,40.787445068359375
325.0,407.2371,-82.23709106445312
325.0,408.05838,-83.05838012695312
551.0,492.28146,58.718536376953125
551.0,750.369,-199.3690185546875
1106.0,975.9748,130.02520751953125
1106.0,1408.8699,-302.869873046875
1106.0,2235.8176,-1129.817626953125
1657.0,2391.2468,-734.246826171875
1657.0,1772.2314,-115.2314453125
1657.0,2185.7935,-528.79345703125
2467.0,2232.9048,234.09521484375
2467.0,2745.329,-278.3291015625
3408.0,2803.2073,604.792724609375
3408.0,3600.1973,-192.197265625
4017.0000000000005,3659.5225,357.47753906250045
4394.0,4268.084,125.916015625
4638.0,4579.9067,58.09326171875
4494.0,4830.9067,-336.90673828125
4494.0,4576.219,-82.21923828125
4494.0,4590.531,-96.53076171875
4565.0,4517.1436,47.8564453125
4565.0,4530.373,34.626953125
4289.0,4456.406,-167.40576171875
4289.0,4143.966,145.0341796875
4259.0,4058.8765,200.12353515625
3998.0000000000005,4001.9614,-3.9614257812495453
3998.0000000000005,3790.405,207.59497070312545
3688.0,3771.4834,-83.4833984375
3165.0,3426.261,-261.260986328125
2840.0,2883.7385,-43.738525390625
2330.0,2554.227,-224.22705078125
1913.0,2022.6141,-109.6141357421875
1208.0,1596.5994,-388.599365234375
666.0,946.0463,-280.04632568359375
337.0,464.53647,-127.53646850585938
337.0,345.9171,-8.9171142578125
292.0,467.44434,-175.4443359375
292.0,496.97244,-204.97244262695312
358.0,584.3425,-226.342529296875
932.9999999999999,645.99304,287.0069580078124
3129.0,1473.0071,1655.992919921875
5575.0,4943.5537,631.4462890625
6493.0,6194.0747,298.92529296875
6125.0,5965.668,159.33203125
5094.0,5451.7017,-357.70166015625
4672.0,4692.3647,-20.36474609375
4775.0,4694.636,80.36376953125
4880.0,5040.2896,-160.28955078125
4890.0,5100.9966,-210.99658203125
5048.0,5199.273,-151.27294921875
5661.0,5493.631,167.369140625
6535.0,6229.177,305.8232421875
5298.0,6141.3857,-843.3857421875
3629.0,3899.375,-270.375
3629.0,2867.287,761.712890625
3629.0,3001.7722,627.227783203125
2922.0,2660.8694,261.130615234375
2922.0,2064.488,857.511962890625
2536.0,1967.3711,568.62890625
2139.0,1827.7334,311.2666015625
1503.0,1653.725,-150.7249755859375
1014.0,1164.684,-150.6839599609375
576.0,770.6294,-194.62939453125
364.0,401.10538,-37.105377197265625
364.0,210.8412,153.15879821777344
233.99999999999997,656.43243,-422.43243408203125
233.99999999999997,267.62567,-33.62567138671878
367.0,355.08844,11.91156005859375
367.0,606.18567,-239.1856689453125
985.9999999999999,863.8282,122.17181396484364
985.9999999999999,1303.9111,-317.9111328125001
3161.0,2713.349,447.65087890625
3161.0,3827.6516,-666.651611328125
3161.0,4963.3594,-1802.359375
5611.0,4366.9116,1244.08837890625
5611.0,5661.771,-50.77099609375
6147.0,5918.146,228.85400390625
6147.0,6023.9478,123.05224609375
5692.0,5875.7056,-183.70556640625
5692.0,5467.4155,224.58447265625
5692.0,5479.2305,212.76953125
5153.0,5429.802,-276.8017578125
5153.0,5111.3403,41.65966796875
5153.0,5175.818,-22.81787109375
4624.0,5175.066,-551.06591796875
4624.0,4736.8086,-112.80859375
4624.0,4711.071,-87.07080078125
4678.0,4812.386,-134.38623046875
4678.0,4826.088,-148.087890625
4678.0,4864.619,-186.619140625
4954.0,4917.9985,36.00146484375
4954.0,5254.7637,-300.763671875
5032.0,5308.9355,-276.935546875
5032.0,5371.0024,-339.00244140625
5273.0,5381.912,-108.912109375
5865.0,5711.626,153.3740234375
6657.0,6203.4385,453.5615234375
5716.0,6203.7114,-487.71142578125
4363.0,4947.858,-584.85791015625
3406.0,3550.3093,-144.309326171875
3406.0,3096.2622,309.73779296875
2896.0,2976.6326,-80.632568359375
2576.0,2374.0708,201.92919921875
1733.0,2245.2754,-512.275390625
1153.0,1381.1903,-228.1903076171875
623.0,797.2961,-174.29608154296875
335.0,531.5165,-196.5164794921875
299.0,156.13673,142.86326599121094
372.0,425.292,-53.2919921875
372.0,980.18146,-608.1814575195312
981.0,918.41156,62.58843994140625
3103.0,2046.5801,1056.419921875
5902.0,5289.428,612.57177734375
5902.0,6504.5093,-602.50927734375
6775.0,5588.3315,1186.66845703125
6775.0,5921.3438,853.65625
6164.0,5606.2993,557.70068359375
6164.0,5371.1084,792.8916015625
5421.0,5438.222,-17.22216796875
4871.0,5102.4243,-231.42431640625
4969.0,4919.96,49.0400390625
5134.0,5006.195,127.80517578125
4999.0,5062.1543,-63.154296875
5349.0,5314.431,34.56884765625
5814.0,5775.667,38.3330078125
6578.0,6350.784,227.2158203125
5860.0,6407.2563,-547.25634765625
4554.0,4875.9653,-321.96533203125
3487.0,3619.7063,-132.706298828125
3205.0,3133.001,71.9990234375
2800.0,3029.3467,-229.3466796875
2106.0,2381.3906,-275.390625
1272.0,1766.8671,-494.8670654296875
670.0,853.4898,-183.48980712890625
456.0,458.23553,-2.23553466796875
326.0,385.69614,-59.696136474609375
388.0,372.59012,15.409881591796875
388.0,968.00037,-580.0003662109375
1008.0,1037.5771,-29.5771484375
1008.0,2845.8284,-1837.828369140625
3070.0,3266.409,-196.408935546875
5886.0,3745.503,2140.4970703125
6466.0,6267.5464,198.45361328125
6466.0,6377.5015,88.49853515625
5995.0,5825.492,169.5078125
5467.0,5379.3003,87.69970703125
4911.0,5197.946,-286.94580078125
5095.0,5095.707,-0.70703125
5308.0,5219.919,88.0810546875
5213.0,5375.4097,-162.40966796875
5680.0,5429.21,250.7900390625
6238.0,6052.405,185.59521484375
6453.0,6472.4517,-19.45166015625
5775.0,6030.3887,-255.388671875
4531.0,4578.754,-47.75390625
3884.0,3693.563,190.43701171875
3332.0,3474.0479,-142.0478515625
3049.0,3157.4758,-108.475830078125
2221.0,2774.1333,-553.13330078125
1396.0,1875.6604,-479.660400390625
764.0,978.96014,-214.96014404296875
456.0,551.2571,-95.257080078125
358.0,327.61716,30.382843017578125
358.0,398.18396,-40.1839599609375
378.0,886.48016,-508.48016357421875
378.0,1011.3369,-633.3369140625
378.0,746.0342,-368.0341796875
851.0,884.95905,-33.95904541015625
851.0,1106.615,-255.614990234375
851.0,2236.7498,-1385.749755859375
2754.0,2800.8542,-46.854248046875
2754.0,2945.4136,-191.41357421875
5200.0,4528.2383,671.76171875
6270.0,5254.2144,1015.78564453125
5687.0,6260.559,-573.55908203125
5687.0,5579.5776,107.42236328125
5328.0,5702.1836,-374.18359375
5102.0,5232.6655,-130.66552734375
5359.0,5151.492,207.5078125
5587.0,5310.464,276.5361328125
5400.0,5461.253,-61.2529296875
5400.0,5464.278,-64.27783203125
5705.0,5522.4814,182.5185546875
5998.0,5840.6777,157.322265625
5925.0,6016.6265,-91.62646484375
5418.0,5672.0894,-254.08935546875
4935.0,4834.8135,100.1865234375
3944.9999999999995,4321.7993,-376.79931640625045
3944.9999999999995,3833.2578,111.74218749999955
3233.0,3850.1978,-617.19775390625
2910.0,3135.3472,-225.34716796875
2830.0,2866.463,-36.462890625
2147.0,2695.6663,-548.666259765625
1335.0,1846.1633,-511.163330078125
785.0,856.07776,-71.0777587890625
569.0,477.8897,91.11029052734375
425.0,399.53568,25.464324951171875
419.0,465.31335,-46.3133544921875
741.0,590.53326,150.46673583984375
1529.0,1044.139,484.8609619140625
2477.0,2436.3665,40.633544921875
2477.0,3521.604,-1044.60400390625
3476.0,3357.8184,118.181640625
3476.0,3882.78,-406.780029296875
4212.0,3948.8381,263.161865234375
4578.0,4424.259,153.7412109375
4578.0,4716.712,-138.7119140625
4897.0,4696.9214,200.07861328125
4854.0,4904.6562,-50.65625
4972.0,4834.8745,137.12548828125
5056.0,4835.867,220.1328125
5056.0,4879.5044,176.49560546875
4719.0,4855.106,-136.10595703125
4649.0,4420.4155,228.58447265625
4622.0,4256.5215,365.478515625
4261.0,4177.4097,83.59033203125
3518.0,3975.5027,-457.502685546875
3196.0,3523.7285,-327.728515625
2880.0,3281.92,-401.919921875
2815.0,2772.067,42.93310546875
1945.0,2398.6157,-453.61572265625
1945.0,1421.5482,523.4517822265625
1273.0,1418.8021,-145.8021240234375
801.0,1044.8634,-243.8634033203125
801.0,517.34033,283.65966796875
565.0,596.754,-31.7540283203125
386.0,509.86746,-123.86746215820312
316.0,390.05975,-74.05975341796875
316.0,327.3318,-11.331787109375
532.0,357.32803,174.67196655273438
532.0,718.1636,-186.16357421875
1003.0000000000001,894.2378,108.76220703125011
1003.0000000000001,1333.995,-330.9949951171874
1607.0,1831.6387,-224.638671875
2334.0,1960.0197,373.9803466796875
2929.0,2879.0322,49.9677734375
3571.0,3571.8135,-0.8134765625
3571.0,3945.4163,-374.416259765625
4040.0,3850.9846,189.015380859375
4040.0,4162.0635,-122.0634765625
4549.0,4137.2393,411.7607421875
4414.0,4573.7446,-159.74462890625
4299.0,4424.9263,-125.92626953125
4330.0,4278.244,51.755859375
4197.0,4244.184,-47.18408203125
3833.0,4026.6755,-193.675537109375
3601.0,3532.9915,68.008544921875
3098.0,3272.6804,-174.680419921875
3115.0,2782.5696,332.430419921875
2669.0,2821.056,-152.055908203125
2066.0,2175.4697,-109.4697265625
2066.0,1522.4323,543.5677490234375
1475.0,1549.4486,-74.4486083984375
1475.0,1101.4645,373.5355224609375
962.0,1007.49054,-45.49053955078125
962.0,776.5388,185.461181640625
694.0,690.2324,3.767578125
694.0,607.90784,86.0921630859375
694.0,589.7703,104.22967529296875
421.0,654.85205,-233.85205078125
421.0,574.4616,-153.46160888671875
310.0,447.17142,-137.17141723632812
325.0,299.28943,25.7105712890625
325.0,332.4325,-7.4324951171875
590.0,406.43277,183.56723022460938
590.0,968.63837,-378.63836669921875
590.0,1054.8376,-464.837646484375
590.0,1239.2894,-649.2894287109375
1141.0,675.7164,465.28363037109375
1141.0,1055.7131,85.286865234375
1556.0,1729.5956,-173.5955810546875
1556.0,2168.9336,-612.93359375
1995.0000000000002,2185.2268,-190.22680664062477
1995.0000000000002,2340.4497,-345.4497070312498
2524.0,2391.19,132.81005859375
3050.0,2767.611,282.388916015625
3050.0,3204.0183,-154.018310546875
3616.0,3281.9663,334.03369140625
3616.0,3793.4656,-177.465576171875
3901.0,3773.8691,127.130859375
4110.0,4105.6104,4.3896484375
4446.0,4280.9507,165.04931640625
4411.0,4680.0376,-269.03759765625
4017.0000000000005,4625.59,-608.5898437499995
4017.0000000000005,4060.1257,-43.125732421874545
3900.0,3916.6313,-16.63134765625
3487.0,3695.0535,-208.053466796875
3006.0,3215.8562,-209.856201171875
3006.0,2757.0186,248.9814453125
3006.0,2762.7646,243.2353515625
2627.0,2549.9866,77.013427734375
2627.0,2107.6829,519.317138671875
2081.0,2052.0117,28.98828125
1588.0,1610.0732,-22.0732421875
1588.0,1116.5485,471.4515380859375
1012.0,1204.7769,-192.77685546875
1012.0,846.95374,165.0462646484375
528.0,752.0961,-224.09613037109375
321.0,505.9908,-184.99081420898438
321.0,282.6761,38.32391357421875
321.0,286.53857,34.46142578125
254.0,353.76477,-99.7647705078125
254.0,325.27625,-71.2762451171875
332.0,410.80765,-78.80764770507812
901.0,457.01743,443.9825744628906
2863.0,1642.8696,1220.13037109375
2863.0,5034.521,-2171.52099609375
2863.0,5853.3096,-2990.3095703125
2863.0,4845.2476,-1982.24755859375
5280.0,3658.9763,1621.023681640625
5280.0,5154.5757,125.42431640625
5280.0,5351.444,-71.44384765625
6379.0,5542.4746,836.525390625
6379.0,6032.163,346.8369140625
5856.0,5644.8145,211.185546875
5856.0,5357.04,498.9599609375
5856.0,5538.625,317.375
5242.0,5475.8174,-233.8173828125
5242.0,4949.6704,292.32958984375
5242.0,5013.4756,228.5244140625
5242.0,5040.782,201.2177734375
4403.0,5179.7983,-776.79833984375
4403.0,4595.346,-192.34619140625
4403.0,4517.991,-114.9912109375
4403.0,4651.5757,-248.57568359375
4477.0,4405.769,71.23095703125
4477.0,4472.8823,4.11767578125
4583.0,4617.666,-34.666015625
4583.0,4781.2896,-198.28955078125
4652.0,4850.5825,-198.58251953125
4652.0,4962.5073,-310.50732421875
4785.0,4989.6514,-204.6513671875
4785.0,5150.768,-365.76806640625
5436.0,5150.072,285.92822265625
5436.0,5831.3813,-395.38134765625
5667.0,5563.23,103.77001953125
5667.0,5731.242,-64.2421875
5494.0,5553.1133,-59.11328125
5494.0,5248.841,245.1591796875
5494.0,5171.0166,322.9833984375
4383.0,5210.404,-827.40380859375
4383.0,4287.1655,95.83447265625
4383.0,3800.456,582.5439453125
4383.0,3733.8945,649.10546875
3017.0,3858.8762,-841.876220703125
3017.0,3168.2798,-151.27978515625
3017.0,3083.6536,-66.653564453125
2385.0,3015.5713,-630.5712890625
2385.0,2124.7742,260.225830078125
2385.0,2110.3445,274.655517578125
2105.0,2151.313,-46.31298828125
2105.0,1879.7445,225.2554931640625
2105.0,1833.6611,271.3388671875
1351.0,1881.4338,-530.433837890625
1351.0,1293.6556,57.3443603515625
1351.0,1093.7223,257.2777099609375
921.0,1115.1034,-194.1033935546875
921.0,807.2583,113.74169921875
522.0,688.48804,-166.488037109375
522.0,427.78162,94.2183837890625
304.0,370.83792,-66.83792114257812
304.0,198.21625,105.78375244140625
254.0,310.01474,-56.014739990234375
323.0,246.91632,76.08367919921875
323.0,494.6602,-171.66018676757812
882.0,483.85196,398.1480407714844
882.0,1708.1516,-826.151611328125
3013.0,2052.1567,960.84326171875
3013.0,4059.4932,-1046.4931640625
5633.0,4828.937,804.06298828125
5633.0,5828.9175,-195.91748046875
5633.0,5908.84,-275.83984375
6668.0,5631.2817,1036.71826171875
6668.0,6332.682,335.31787109375
6327.0,6080.1743,246.82568359375
5237.0,5753.064,-516.06396484375
4599.0,5064.695,-465.69482421875
4635.0,4777.4497,-142.44970703125
5001.0,4828.6006,172.3994140625
4781.0,5015.4087,-234.40869140625
4816.0,5131.7812,-315.78125
5661.0,5072.4214,588.57861328125
6555.0,6041.084,513.916015625
5938.0,6043.227,-105.22705078125
4426.0,4817.4883,-391.48828125
3414.0,3396.031,17.968994140625
3130.0,3003.566,126.43408203125
2532.0,2857.2996,-325.299560546875
1629.0,2106.7412,-477.7412109375
992.9999999999999,1320.845,-327.8449707031251
570.0,650.34973,-80.3497314453125
570.0,412.8535,157.14651489257812
350.0,671.48517,-321.48516845703125
350.0,443.80475,-93.80474853515625
281.0,634.28784,-353.287841796875
281.0,642.5631,-361.5631103515625
337.0,734.3091,-397.30908203125
337.0,862.69196,-525.6919555664062
909.0,1181.4064,-272.4063720703125
909.0,1004.88416,-95.8841552734375
3036.0,2354.563,681.43701171875
3036.0,3652.2566,-616.256591796875
5868.0,4915.4287,952.5712890625
6526.0,6152.6416,373.3583984375
6526.0,6471.1235,54.87646484375
5996.0,6209.943,-213.94287109375
5328.0,5692.3545,-364.3544921875
4579.0,5262.045,-683.044921875
4727.0,4800.2803,-73.2802734375
4765.0,4920.1265,-155.12646484375
4853.0,4894.291,-41.291015625
4947.0,5161.7354,-214.7353515625
5786.0,5353.3574,432.642578125
6396.0,6155.3643,240.6357421875
6008.0,6107.571,-99.57080078125
4373.0,4886.0596,-513.0595703125
3382.0,3346.8472,35.15283203125
3223.0,2922.2083,300.791748046875
2712.0,2893.8853,-181.88525390625
2096.0,2163.708,-67.7080078125
1248.0,1729.6844,-481.6844482421875
550.0,893.0174,-343.01739501953125
417.0,432.26312,-15.26312255859375
307.0,336.51993,-29.519927978515625
338.0,441.73676,-103.73675537109375
892.0,782.8726,109.12738037109375
2942.0,3145.438,-203.43798828125
5542.0,5957.331,-415.3310546875
6675.0,6364.746,310.25390625
5923.0,6064.5537,-141.5537109375
5061.0,5077.867,-16.8671875
4720.0,4666.033,53.966796875
4700.0,4987.1025,-287.1025390625
5073.0,4986.8247,86.17529296875
4832.0,5176.5806,-344.58056640625
5163.0,5166.804,-3.80419921875
4831.0,5629.5415,-798.54150390625
6148.0,5428.3984,719.6015625
5426.0,6315.255,-889.2548828125
4699.0,4755.163,-56.1630859375
3733.9999999999995,3821.4548,-87.45483398437545
3360.0,3246.143,113.85693359375
2803.0,3213.3008,-410.30078125
2669.0,2522.5837,146.416259765625
1957.0,2269.0127,-312.0126953125
1131.0,1548.0669,-417.06689453125
690.0,731.7818,-41.78179931640625
488.0,507.7231,-19.723114013671875
393.0,390.31213,2.6878662109375
459.0,505.62326,-46.623260498046875
830.0,1082.264,-252.2640380859375
1504.0,2152.763,-648.762939453125
2063.0,2797.5105,-734.510498046875
3043.0,3095.5093,-52.50927734375
3588.0,3591.77,-3.77001953125
4039.0,3972.3784,66.62158203125
4249.0,4289.7827,-40.78271484375
4690.0,4427.6343,262.36572265625
4550.0,4765.27,-215.27001953125
4612.0,4614.2544,-2.25439453125
4756.0,4633.9917,122.00830078125
4848.0,4725.038,122.9619140625
4125.0,4727.2476,-602.24755859375
3744.9999999999995,3880.9893,-135.98925781250045
3399.0,3290.172,108.827880859375
3245.0,3099.0918,145.908203125
2814.0,3099.8364,-285.83642578125
2478.0,2508.3413,-30.34130859375
1916.0,2001.8835,-85.883544921875
1286.0,1384.5209,-98.5208740234375
794.0,840.2994,-46.29937744140625
620.0,516.3146,103.6854248046875
345.0,420.82565,-75.82565307617188
353.0,281.14297,71.85702514648438
541.0,527.68884,13.3111572265625
1140.0,934.5477,205.4522705078125
1806.0,1730.8491,75.15087890625
2224.0,2635.736,-411.736083984375
3449.0,3043.378,405.6220703125
4322.0,3945.8892,376.11083984375
4273.0,4534.006,-261.005859375
3990.0000000000005,4564.5264,-574.5263671874995
3993.0000000000005,4075.663,-82.66308593749955
3852.0,4060.0242,-208.024169921875
3888.0,3923.497,-35.4970703125
4126.0,3773.9958,352.004150390625
3958.9999999999995,3874.3804,84.61962890624955
3692.0,3664.539,27.4609375
3258.0,3341.7886,-83.78857421875
2755.0,2966.8728,-211.872802734375
2140.0,2558.7644,-418.764404296875
1534.0,1832.485,-298.4849853515625
996.0000000000001,1099.6614,-103.66137695312489
534.0,618.91895,-84.9189453125
303.0,384.2428,-81.2427978515625
286.0,243.7214,42.278594970703125
329.0,499.8995,-170.89950561523438
861.0,846.06433,14.9356689453125
2963.0,2536.054,426.946044921875
5721.0,5592.079,128.9208984375
6561.0,6193.5303,367.4697265625
6009.0,5959.6304,49.36962890625
5236.0,5117.415,118.5849609375
4201.0,4632.5815,-431.58154296875
4498.0,4389.143,108.85693359375
4724.0,4779.706,-55.7060546875
4462.0,4827.4897,-365.48974609375
5016.0,4747.351,268.64892578125
5688.0,5435.5986,252.4013671875
6344.0,6235.177,108.8232421875
5857.0,5855.092,1.908203125
4245.0,4374.0156,-129.015625
3184.0,3213.532,-29.531982421875
2732.0,2849.2852,-117.28515625
2235.0,2508.9204,-273.92041015625
1389.0,1855.5597,-466.5596923828125
887.0,1062.3064,-175.306396484375
516.0,574.51636,-58.516357421875
330.0,359.12308,-29.123077392578125
265.0,187.51985,77.48014831542969
332.0,351.2357,-19.235687255859375
891.0,891.1033,-0.103271484375
3055.0,3262.3408,-207.3408203125
5927.0,6024.2007,-97.20068359375
6496.0,6423.2256,72.7744140625
6123.0,5912.5894,210.41064453125
5471.0,5152.467,318.533203125
4257.0,4777.5615,-520.5615234375
5074.0,4528.53,545.47021484375
4734.0,5272.5083,-538.50830078125
4875.0,4837.776,37.22412109375
4922.0,5254.75,-332.75
5636.0,5449.805,186.19482421875
6601.0,6327.595,273.40478515625
5859.0,6164.789,-305.7890625
4372.0,4277.2134,94.78662109375
3427.0,3354.298,72.701904296875
3114.0,3029.7644,84.235595703125
2501.0,2820.95,-319.949951171875
1859.9999999999998,2013.7104,-153.71044921875023
2682.0,1446.4987,1235.5013427734375
750.0,1230.9553,-480.955322265625
344.0,592.78754,-248.78753662109375
314.0,299.35388,14.6461181640625
371.0,444.93686,-73.93685913085938
936.9999999999999,1165.9338,-228.9338378906251
3085.0,3577.1238,-492.123779296875
5908.0,5872.521,35.47900390625
6677.0,6419.8403,257.15966796875
6297.0,5912.8677,384.13232421875
5551.0,5154.6216,396.37841796875
5551.0,4727.1226,823.87744140625
4499.0,5223.208,-724.2080078125
4499.0,4734.9746,-235.974609375
4598.0,4570.191,27.80908203125
4759.0,4590.5674,168.4326171875
4733.0,5014.383,-281.3828125
5056.0,4978.7334,77.2666015625
5739.0,5562.9443,176.0556640625
6450.0,6135.2524,314.74755859375
6245.0,5894.5786,350.42138671875
4668.0,4930.0303,-262.0302734375
3510.0,3412.9695,97.030517578125
3064.0,3108.9314,-44.931396484375
2705.0,2837.5654,-132.5654296875
1813.0,2323.6526,-510.652587890625
2842.0,1526.9624,1315.03759765625
699.0,1473.9701,-774.9700927734375
413.0,564.1179,-151.117919921875
332.0,310.24033,21.759674072265625
383.0,513.28424,-130.28424072265625
914.0,1082.7249,-168.724853515625
3052.0,3305.4368,-253.436767578125
5830.0,5792.1953,37.8046875
6433.0,6377.694,55.30615234375
6162.0,5798.7314,363.2685546875
5092.0,5156.2964,-64.29638671875
4584.0,4585.29,-1.2900390625
4767.0,4841.1562,-74.15625
4851.0,4997.709,-146.708984375
4826.0,4943.118,-117.1181640625
5014.0,5146.145,-132.14501953125
5617.0,5495.4473,121.552734375
6514.0,6308.2954,205.70458984375
5701.0,6191.994,-490.994140625
4443.0,4226.52,216.47998046875
3669.0,3426.9067,242.09326171875
3282.0,3163.0166,118.9833984375
2676.0,2945.3467,-269.3466796875
1921.0,2204.7454,-283.745361328125
1167.0,1495.2747,-328.274658203125
603.0,819.1273,-216.1273193359375
376.0,464.24933,-88.24932861328125
333.0,210.66177,122.33822631835938
377.0,524.6206,-147.62060546875
892.0,920.8022,-28.80218505859375
2899.0,3099.3972,-200.397216796875
5569.0,5888.0073,-319.00732421875
6728.0,6397.224,330.77587890625
5934.0,6097.432,-163.43212890625
5025.0,5095.1743,-70.17431640625
4566.0,4663.7935,-97.79345703125
4836.0,4911.1177,-75.11767578125
5019.0,5119.9424,-100.9423828125
4830.0,5150.124,-320.1240234375
5231.0,5224.015,6.98486328125
5953.0,5735.5566,217.443359375
6196.0,6455.2505,-259.25048828125
5358.0,5707.0083,-349.00830078125
4687.0,3997.8416,689.158447265625
3880.0,3701.1743,178.82568359375
3329.0,3406.376,-77.3759765625
3169.0,3176.226,-7.22607421875
2810.0,2891.457,-81.45703125
2024.0,2372.8137,-348.813720703125
1179.0,1683.7687,-504.7686767578125
808.0,763.174,44.82598876953125
584.0,545.7357,38.2642822265625
428.0,419.05313,8.946868896484375
502.00000000000006,431.76578,70.23422241210943
871.0,1079.1018,-208.101806640625
1469.0,2005.2401,-536.2401123046875
2117.0,2405.4868,-288.48681640625
2117.0,2972.6348,-855.634765625
3442.0,3042.6199,399.380126953125
3999.0000000000005,3880.8892,118.11083984375045
4448.0,4348.899,99.10107421875
4772.0,4774.0713,-2.0712890625
4990.0,4945.997,44.0029296875
4848.0,5040.877,-192.876953125
4343.0,4899.6777,-556.677734375
4296.0,4412.5425,-116.54248046875
4219.0,4245.7036,-26.70361328125
3952.9999999999995,4002.9595,-49.959472656250455
3826.0,3598.5999,227.400146484375
3455.0,3426.256,28.743896484375
3208.0,3253.2021,-45.2021484375
3055.0,3026.1912,28.808837890625
2741.0,2650.3918,90.608154296875
2123.0,2183.2798,-60.27978515625
1353.0,1627.3529,-274.3529052734375
786.0,952.4433,-166.44329833984375
607.0,481.72372,125.27627563476562
401.0,420.6209,-19.62091064453125
313.0,389.8335,-76.83349609375
466.99999999999994,397.9775,69.02249145507807
850.0,691.867,158.13299560546875
1302.0,1191.1901,110.8099365234375
2090.0,2035.5063,54.49365234375
3039.0,2946.2935,92.70654296875
3278.0,3681.9456,-403.945556640625
4352.0,3796.1875,555.8125
3977.9999999999995,4554.5312,-576.5312500000005
3934.9999999999995,4229.6616,-294.66162109375045
3829.0,3952.2856,-123.28564453125
4101.0,3866.768,234.23193359375
4539.0,4077.6934,461.306640625
4154.0,4426.073,-272.0732421875
3701.0,4041.9756,-340.9755859375
3400.0,3328.884,71.115966796875
3092.0,2963.656,128.343994140625
2623.0,2828.938,-205.93798828125
1725.0,2385.148,-660.14794921875
1088.0,1265.6881,-177.6881103515625
550.0,599.35876,-49.3587646484375
280.0,382.19592,-102.1959228515625
260.0,212.15913,47.84086608886719
344.0,485.78806,-141.78805541992188
880.0,1020.7941,-140.79412841796875
2965.0,2819.7268,145.273193359375
5667.0,5711.444,-44.44384765625
6533.0,6155.1943,377.8056640625
6070.0,5875.3096,194.6904296875
5145.0,5043.9307,101.0693359375
4201.0,4489.2817,-288.28173828125
4371.0,4393.0054,-22.00537109375
4533.0,4651.3403,-118.34033203125
4680.0,4611.3906,68.609375
4930.0,4944.097,-14.09716796875
4930.0,5306.1836,-376.18359375
5327.0,5557.5024,-230.50244140625
5327.0,5867.0776,-540.07763671875
5327.0,5314.767,12.23291015625
5327.0,5237.3164,89.68359375
6354.0,5259.0996,1094.900390625
6354.0,6378.9097,-24.90966796875
6354.0,5618.417,735.5830078125
5412.0,5725.587,-313.5869140625
5412.0,4497.113,914.88720703125
5412.0,4524.92,887.080078125
4000.0000000000005,4515.6084,-515.6083984374995
4000.0000000000005,4117.332,-117.33203124999955
2897.0,3858.0552,-961.05517578125
2897.0,3047.1553,-150.1552734375
2466.0,2875.7705,-409.7705078125
2466.0,2321.6553,144.3447265625
2090.0,2314.824,-224.823974609375
1434.0,1883.2836,-449.2835693359375
869.0,1057.2622,-188.26220703125
536.0,593.28265,-57.28265380859375
536.0,372.4582,163.54180908203125
351.0,495.67746,-144.67745971679688
351.0,338.69128,12.3087158203125
351.0,398.73846,-47.73846435546875
227.0,460.9621,-233.96209716796875
227.0,324.45065,-97.45065307617188
340.0,380.0354,-40.035400390625
340.0,603.00665,-263.00665283203125
340.0,703.0851,-363.0850830078125
858.0,789.923,68.0770263671875
858.0,2058.913,-1200.9130859375
858.0,2024.1294,-1166.12939453125
3027.0,2799.9985,227.00146484375
3027.0,3652.865,-625.864990234375
3027.0,4469.3545,-1442.3544921875
5642.0,4788.5986,853.4013671875
5642.0,5850.9595,-208.95947265625
5642.0,6020.155,-378.15478515625
6516.0,5838.818,677.18212890625
6516.0,6377.102,138.89794921875
5873.0,6174.0415,-301.04150390625
5873.0,5622.152,250.84814453125
5873.0,5579.9966,293.00341796875
5123.0,5513.646,-390.64599609375
5123.0,5119.6133,3.38671875
5123.0,5111.3013,11.69873046875
4527.0,5065.1416,-538.1416015625
4527.0,4750.82,-223.81982421875
4527.0,4762.4614,-235.46142578125
4593.0,4791.0605,-198.060546875
4725.0,4753.5034,-28.50341796875
4737.0,4812.94,-75.93994140625
4931.0,4941.6646,-10.66455078125
5623.0,5212.0205,410.9794921875
6623.0,6085.9854,537.0146484375
5916.0,6318.3,-402.2998046875
4423.0,4653.7656,-230.765625
4423.0,3530.7314,892.2685546875
3309.0,3640.461,-331.4609375
3309.0,2990.6543,318.345703125
2805.0,3093.532,-288.531982421875
2400.0,2423.1548,-23.15478515625
2631.0,2099.1472,531.852783203125
2631.0,1976.2284,654.7716064453125
1501.0,2146.2727,-645.272705078125
617.0,1158.0148,-541.0147705078125
617.0,547.0964,69.90362548828125
401.0,592.4766,-191.47662353515625
401.0,475.4615,-74.46148681640625
282.0,975.2655,-693.2655029296875
282.0,330.9948,-48.99481201171875
358.0,578.68994,-220.68994140625
358.0,570.51807,-212.51806640625
913.0,719.21533,193.78466796875
913.0,1337.5146,-424.5146484375
913.0,2408.7715,-1495.771484375
3074.0,2650.4756,423.5244140625
3074.0,3669.8945,-595.89453125
5803.0,4611.9985,1191.00146484375
5803.0,5889.272,-86.27197265625
6510.0,6082.854,427.14599609375
6510.0,6345.359,164.64111328125
6510.0,6121.5737,388.42626953125
6101.0,5934.93,166.06982421875
6101.0,5526.758,574.2421875
5331.0,5528.233,-197.23291015625
5331.0,5113.8423,217.15771484375
5331.0,5274.7456,56.25439453125
5331.0,5268.3213,62.6787109375
4266.0,5372.093,-1106.0927734375
4266.0,4315.389,-49.38916015625
4266.0,4284.2856,-18.28564453125
4266.0,4498.4014,-232.4013671875
4567.0,4229.67,337.330078125
4567.0,4368.108,198.89208984375
4567.0,4606.8643,-39.8642578125
4734.0,4688.899,45.10107421875
4734.0,4982.692,-248.69189453125
4675.0,5055.578,-380.578125
4675.0,4976.671,-301.6708984375
4675.0,4955.943,-280.94287109375
4980.0,4944.6763,35.32373046875
4980.0,5292.878,-312.8779296875
5718.0,5308.1475,409.8525390625
6382.0,5957.5527,424.447265625
6382.0,5987.698,394.3017578125
5647.0,5654.903,-7.90283203125
5647.0,4879.2534,767.74658203125
5647.0,5020.1255,626.87451171875
4469.0,4965.0435,-496.04345703125
4469.0,4379.988,89.01220703125
4469.0,4182.836,286.1640625
3460.0,4070.8318,-610.831787109375
3460.0,3446.9165,13.08349609375
2865.0,3442.2363,-577.236328125
2576.0,2994.1572,-418.1572265625
2576.0,2535.4753,40.524658203125
1693.0,2480.3591,-787.359130859375
1693.0,1349.9453,343.0546875
1693.0,1244.2821,448.7178955078125
993.9999999999999,1483.3025,-489.3024902343751
583.0,992.6406,-409.640625
349.0,499.0347,-150.03469848632812
349.0,284.19922,64.80078125
265.0,438.99387,-173.99386596679688
265.0,304.14417,-39.1441650390625
265.0,423.3048,-158.3048095703125
344.0,476.5886,-132.58859252929688
344.0,573.0849,-229.08489990234375
344.0,551.09064,-207.09063720703125
914.0,524.3292,389.6707763671875
914.0,2433.9482,-1519.9482421875
2924.0,2194.7075,729.29248046875
2924.0,3776.3457,-852.345703125
2924.0,4660.848,-1736.84814453125
2924.0,4575.2837,-1651.28369140625
5417.0,3461.4854,1955.5146484375
5417.0,5382.0063,34.99365234375
5417.0,5561.2324,-144.232421875
5417.0,5701.2275,-284.2275390625
5766.0,5529.827,236.1728515625
5766.0,5735.5967,30.4033203125
5331.0,5607.688,-276.68798828125
5331.0,5233.495,97.5048828125
5264.0,5240.0137,23.986328125
5264.0,5194.65,69.35009765625
4326.0,5194.114,-868.11376953125
4326.0,4269.46,56.5400390625
4326.0,4062.3557,263.644287109375
4592.0,4191.0254,400.974609375
4592.0,4269.446,322.55419921875
4592.0,4505.849,86.15087890625
4695.0,4788.8374,-93.83740234375
4695.0,5023.8887,-328.888671875
4459.0,5048.422,-589.421875
4517.0,4699.979,-182.97900390625
4517.0,4659.26,-142.259765625
4517.0,4652.7427,-135.74267578125
4517.0,4712.2935,-195.29345703125
5257.0,4775.993,481.0068359375
5257.0,5588.979,-331.97900390625
5257.0,5384.5415,-127.54150390625
6331.0,5388.2197,942.7802734375
6331.0,6284.6416,46.3583984375
6331.0,5798.835,532.1650390625
5065.0,5717.072,-652.07177734375
5065.0,4369.305,695.69482421875
5065.0,4202.4053,862.5947265625
3898.0,4185.8687,-287.86865234375
3898.0,3939.2476,-41.24755859375
3898.0,3706.6265,191.37353515625
3898.0,3674.4019,223.59814453125
3898.0,3739.0645,158.935546875
2957.0,3696.1125,-739.112548828125
2957.0,2724.6965,232.303466796875
2957.0,2792.2778,164.72216796875
2957.0,2862.925,94.074951171875
2740.0,2719.0122,20.98779296875
2740.0,2490.5972,249.40283203125
2740.0,2411.5,328.5
2740.0,2454.2053,285.794677734375
3497.0,2426.3923,1070.607666015625
2356.0,2939.1924,-583.1923828125
2356.0,2086.1655,269.83447265625
1633.0,1996.7823,-363.7823486328125
698.0,1488.4352,-790.4351806640625
407.0,540.3617,-133.3616943359375
304.0,204.0834,99.91659545898438
377.0,314.95895,62.041046142578125
867.0,825.1852,41.8148193359375
867.0,2015.6985,-1148.698486328125
867.0,1926.9834,-1059.9833984375
2919.0,1602.2375,1316.762451171875
2919.0,3600.2007,-681.20068359375
2919.0,3778.1577,-859.15771484375
5457.0,4207.599,1249.40087890625
6539.0,5703.5864,835.41357421875
5653.0,6379.238,-726.23779296875
5653.0,5597.6367,55.36328125
5653.0,5500.33,152.669921875
4981.0,5460.5747,-479.57470703125
4981.0,4984.9917,-3.99169921875
4981.0,5155.5693,-174.5693359375
4548.0,5168.9478,-620.94775390625
4937.0,4755.13,181.8701171875
5039.0,5116.359,-77.35888671875
4901.0,5433.2754,-532.275390625
5185.0,5285.281,-100.28076171875
5973.0,5542.2305,430.76953125
6007.0,6167.5073,-160.50732421875
5489.0,5554.1074,-65.107421875
4607.0,4545.165,61.8349609375
3957.9999999999995,3764.0417,193.95825195312455
3255.0,3566.7358,-311.73583984375
2931.0,3176.6575,-245.657470703125
2570.0,2824.8848,-254.884765625
2179.0,2326.427,-147.427001953125
1516.0,1893.2646,-377.2646484375
1273.0,1209.3531,63.6468505859375
1207.0,879.71954,327.28045654296875
611.0,896.74475,-285.7447509765625
647.0,531.00586,115.994140625
960.0,501.87897,458.12103271484375
1635.0,1127.0771,507.9228515625
2445.0,2087.5808,357.419189453125
3415.0,3123.0095,291.990478515625
3770.0000000000005,3940.0947,-170.09472656249955
4308.0,4090.6555,217.344482421875
4638.0,4521.7217,116.2783203125
4831.0,4719.8823,111.11767578125
4565.0,4815.0254,-250.025390625
4654.0,4566.988,87.01220703125
4589.0,4613.873,-24.873046875
4582.0,4532.0337,49.96630859375
4847.0,4404.3984,442.6015625
4620.0,4572.4097,47.59033203125
4347.0,4354.7163,-7.71630859375
3602.0,4011.2336,-409.233642578125
2985.0,3428.8984,-443.8984375
2480.0,3026.458,-546.4580078125
1870.9999999999998,2388.3364,-517.3364257812502
1249.0,1445.5626,-196.5626220703125
690.0,762.15094,-72.15093994140625
565.0,458.44165,106.558349609375
319.0,446.758,-127.75799560546875
339.0,224.061,114.93899536132812
514.0,671.2449,-157.244873046875
910.0,1233.5269,-323.52685546875
1402.0,1636.9474,-234.9473876953125
2203.0,2199.9646,3.035400390625
3562.0,2989.4644,572.53564453125
4594.0,4090.4243,503.57568359375
4252.0,4833.7603,-581.76025390625
3944.9999999999995,4565.7,-620.7001953125005
4107.0,3930.0393,176.960693359375
4091.0,4178.7124,-87.71240234375
4195.0,4154.9795,40.0205078125
4413.0,4194.27,218.72998046875
4117.0,4329.9077,-212.90771484375
3997.0000000000005,4038.8184,-41.818359374999545
3516.0,3695.6353,-179.63525390625
2846.0,3155.8442,-309.84423828125
2346.0,2669.0657,-323.065673828125
1635.0,2126.6196,-491.61962890625
933.9999999999999,1230.7749,-296.7749023437501
509.0,530.8175,-21.8175048828125
344.0,392.49683,-48.496826171875
219.0,317.68945,-98.689453125
328.0,291.98306,36.016937255859375
888.0,1064.9965,-176.9964599609375
2954.0,2816.941,137.05908203125
5747.0,5680.1543,66.845703125
6591.0,6225.3936,365.6064453125
5900.0,5910.866,-10.8662109375
4936.0,4982.7344,-46.734375
4351.0,4453.817,-102.81689453125
4468.0,4579.749,-111.7490234375
4531.0,4774.604,-243.60400390625
4433.0,4660.248,-227.248046875
4816.0,4646.0254,169.974609375
5443.0,5173.457,269.54296875
6307.0,6135.178,171.82177734375
5562.0,5849.988,-287.98779296875
4167.0,4067.0642,99.935791015625
3253.0,3183.3638,69.63623046875
2559.0,2861.9688,-302.96875
2084.0,2377.4802,-293.480224609375
1392.0,1760.9563,-368.956298828125
1392.0,1013.37366,378.6263427734375
1392.0,725.8702,666.1298217773438
826.0,892.96344,-66.96343994140625
826.0,806.0175,19.98248291015625
826.0,621.64636,204.3536376953125
527.0,876.3749,-349.3748779296875
527.0,568.34894,-41.34893798828125
302.0,727.4596,-425.4595947265625
302.0,507.95755,-205.95755004882812
233.99999999999997,411.6042,-177.60418701171878
233.99999999999997,283.1567,-49.1567077636719
366.0,331.82455,34.175445556640625
880.0,690.7089,189.29107666015625
3063.0,2078.5828,984.417236328125
5833.0,5619.8516,213.1484375
6568.0,6108.961,459.0390625
6080.0,6026.7427,53.25732421875
5083.0,5392.181,-309.18115234375
4385.0,4730.237,-345.23681640625
4458.0,4559.495,-101.4951171875
4580.0,4764.3384,-184.33837890625
4580.0,4735.0776,-155.07763671875
4580.0,4893.49,-313.490234375
4716.0,4799.17,-83.169921875
4973.0,5137.575,-164.5751953125
4973.0,5466.1255,-493.12548828125
5748.0,5238.1733,509.82666015625
6597.0,6120.8237,476.17626953125
6597.0,6008.314,588.68603515625
5734.0,5140.8716,593.12841796875
4320.0,4261.8525,58.1474609375
3058.0,3613.3745,-555.37451171875
2765.0,2894.767,-129.76708984375
2282.0,2554.1106,-272.110595703125
1571.0,1901.1711,-330.171142578125
924.0,1367.1803,-443.1802978515625
543.0,635.4676,-92.46759033203125
358.0,371.2846,-13.28460693359375
227.0,342.06473,-115.06472778320312
358.0,320.7973,37.20269775390625
890.0,1180.9124,-290.912353515625
3052.0,3199.7751,-147.775146484375
5930.0,5981.0366,-51.03662109375
6193.0,6364.6777,-171.677734375
6032.0,5675.8506,356.1494140625
5320.0,5170.6187,149.38134765625
4523.0,4891.278,-368.27783203125
4721.0,4836.9136,-115.91357421875
4793.0,4953.3223,-160.322265625
4624.0,4908.511,-284.51123046875
4928.0,4865.179,62.82080078125
5693.0,5349.3984,343.6015625
6334.0,6354.868,-20.8681640625
5954.0,6133.5728,-179.57275390625
4661.0,4672.4883,-11.48828125
3639.0,3473.9863,165.013671875
3197.0,3190.201,6.799072265625
3475.0,2960.3054,514.694580078125
1972.9999999999998,2791.2185,-818.2185058593752
1209.0,1492.2998,-283.2998046875
654.0,829.0738,-175.07379150390625
421.0,464.49118,-43.491180419921875
312.0,286.01468,25.985321044921875
373.0,322.21774,50.782257080078125
919.0,904.521,14.47900390625
3002.0,3208.2217,-206.2216796875
5685.0,5902.44,-217.43994140625
6589.0,6372.05,216.9501953125
6589.0,5978.5283,610.4716796875
5946.0,5424.164,521.8359375
5181.0,4939.2607,241.7392578125
4500.0,4954.271,-454.27099609375
4670.0,4802.756,-132.755859375
4849.0,4768.3936,80.6064453125
4787.0,4830.727,-43.72705078125
4943.0,5114.7666,-171.7666015625
5892.0,5250.9272,641.07275390625
6451.0,6346.551,104.44921875
5968.0,5850.5073,117.49267578125
4498.0,4617.4004,-119.400390625
3419.0,3398.933,20.06689453125
2856.0,3069.6653,-213.665283203125
2649.0,2685.6843,-36.684326171875
2003.0000000000002,2274.9048,-271.9047851562498
1278.0,1575.5807,-297.5806884765625
699.0,895.4453,-196.4453125
461.0,495.31168,-34.311676025390625
301.0,283.51062,17.4893798828125
367.0,246.09908,120.90092468261719
870.0,884.0045,-14.0045166015625
2751.0,3063.3474,-312.347412109375
5521.0,5788.7256,-267.7255859375
6401.0,6374.7886,26.21142578125
5798.0,5878.6807,-80.6806640625
4791.0,5029.254,-238.25390625
4574.0,4523.329,50.6708984375
4863.0,4892.085,-29.0849609375
5066.0,5065.6636,0.33642578125
4898.0,5198.659,-300.6591796875
5193.0,5275.714,-82.7138671875
5838.0,5679.2056,158.79443359375
6188.0,6400.5933,-212.59326171875
5695.0,5842.2983,-147.29833984375
5104.0,4530.2876,573.71240234375
4286.0,3980.6292,305.370849609375
3538.0,3586.5813,-48.581298828125
3058.0,3367.38,-309.3798828125
2713.0,3002.7932,-289.793212890625
3544.0,2525.2969,1018.703125
1733.0,2433.052,-700.052001953125
867.0,1121.6627,-254.6627197265625
524.0,518.5292,5.4708251953125
359.0,323.0921,35.90789794921875
425.0,450.32684,-25.32684326171875
743.0,1260.9434,-517.943359375
1359.0,2184.7563,-825.75634765625
2036.0,2356.6055,-320.60546875
3073.0,2792.8674,280.132568359375
3724.9999999999995,3672.7026,52.297363281249545
4059.0,4151.6597,-92.65966796875
4378.0,4376.3877,1.6123046875
4657.0,4573.962,83.0380859375
4553.0,4751.892,-198.89208984375
4618.0,4606.598,11.40185546875
4564.0,4618.2837,-54.28369140625
4735.0,4551.655,183.34521484375
4878.0,4646.3115,231.6884765625
4569.0,4695.418,-126.41796875
3818.0,4259.497,-441.4970703125
3818.0,3422.5193,395.480712890625
3338.0,3352.5447,-14.544677734375
2950.0,3186.5383,-236.538330078125
2607.0,2825.6912,-218.691162109375
3856.0,2226.81,1629.18994140625
1826.0,2474.5974,-648.597412109375
920.0,757.4758,162.524169921875
696.0,613.26587,82.734130859375
364.0,365.86304,-1.863037109375
335.0,307.72607,27.27392578125
444.0,652.767,-208.76702880859375
802.0,824.1899,-22.18988037109375
1175.0,1160.6307,14.3692626953125
2002.0000000000002,1953.7739,48.22607421875023
2882.0,2677.2542,204.745849609375
3701.0,3554.677,146.322998046875
4049.0,4034.4836,14.516357421875
4429.0,4274.6187,154.38134765625
4547.0,4528.0317,18.96826171875
4380.0,4614.311,-234.31103515625
4380.0,4416.256,-36.255859375
4302.0,4381.314,-79.31396484375
4302.0,4226.906,75.09423828125
4283.0,4102.4785,180.521484375
4132.0,3940.9968,191.003173828125
3946.9999999999995,3709.158,237.84204101562455
3543.0,3525.6333,17.36669921875
2781.0,3303.0315,-522.031494140625
2159.0,2586.1077,-427.107666015625
1450.0,1824.1018,-374.101806640625
954.0,1010.4032,-56.4031982421875
